[2025-10-04 19:56:32] [PALESTRA] DEBUG: Script palestra.php iniciado.
[2025-10-04 19:56:32] [PALESTRA] DEBUG: Usuário tem permissão.
[2025-10-04 19:56:32] [PALESTRA] DEBUG: ID da palestra recebido: dbec9252-a095-11f0-916e-bad1eb27008a
[2025-10-04 19:56:32] [PALESTRA] DEBUG: Palestra 'S08E27 — Linguagem imples: um novo campo de atuação para profissionais da tradução' encontrada. Duração em minutos: 86
[2025-10-04 19:56:32] [PALESTRA] DEBUG: User ID da sessão ('debug-user') é válido e existe na tabela 'users'.
[2025-10-04 19:56:32] [PALESTRA] DEBUG: Log existente encontrado. Progresso: 18s
[2025-10-04 19:56:32] [PALESTRA] DEBUG: Progresso inicial carregado do DB (user_progress_seconds): 18
[2025-10-04 19:56:32] [PALESTRA] DEBUG: Palestras relacionadas buscadas para categoria 'Língua'.
[2025-10-04 19:56:32] [PALESTRA] DEBUG: Verificação de certificado existente para exibição inicial. ID existente: Nenhum
[2025-10-04 19:56:32] [PALESTRA] DEBUG: Panda Player Div ID extraído do embed: 'panda-742f3e1f-e0be-4f18-a011-b406f315520d'
[2025-10-04 19:57:16] [PALESTRA] DEBUG: Script palestra.php iniciado.
[2025-10-04 19:57:16] [PALESTRA] DEBUG: Usuário tem permissão.
[2025-10-04 19:57:16] [PALESTRA] DEBUG: ID da palestra recebido: dbec9252-a095-11f0-916e-bad1eb27008a
[2025-10-04 19:57:16] [PALESTRA] DEBUG: Palestra 'S08E27 — Linguagem imples: um novo campo de atuação para profissionais da tradução' encontrada. Duração em minutos: 86
[2025-10-04 19:57:16] [PALESTRA] DEBUG: User ID da sessão ('debug-user') é válido e existe na tabela 'users'.
[2025-10-04 19:57:16] [PALESTRA] DEBUG: Log existente encontrado. Progresso: 36s
[2025-10-04 19:57:16] [PALESTRA] DEBUG: Progresso inicial carregado do DB (user_progress_seconds): 36
[2025-10-04 19:57:16] [PALESTRA] DEBUG: Palestras relacionadas buscadas para categoria 'Língua'.
[2025-10-04 19:57:16] [PALESTRA] DEBUG: Verificação de certificado existente para exibição inicial. ID existente: Nenhum
[2025-10-04 19:57:16] [PALESTRA] DEBUG: Panda Player Div ID extraído do embed: 'panda-742f3e1f-e0be-4f18-a011-b406f315520d'
[2025-10-04 20:01:23] [PALESTRA] DEBUG: Script palestra.php iniciado.
[2025-10-04 20:01:23] [PALESTRA] DEBUG: Usuário tem permissão.
[2025-10-04 20:01:23] [PALESTRA] DEBUG: ID da palestra recebido: b9e298ef-a094-11f0-916e-bad1eb27008a
[2025-10-04 20:01:23] [PALESTRA] DEBUG: Palestra 'S08E26 — Prospecção no mercado editorial' encontrada. Duração em minutos: 108
[2025-10-04 20:01:23] [PALESTRA] DEBUG: User ID da sessão ('debug-user') é válido e existe na tabela 'users'.
[2025-10-04 20:01:23] [PALESTRA] INFO: Novo log de acesso registrado para palestra 'S08E26 — Prospecção no mercado editorial' (User ID: debug-user).
[2025-10-04 20:01:23] [PALESTRA] DEBUG: Progresso inicial carregado do DB (user_progress_seconds): 0
[2025-10-04 20:01:23] [PALESTRA] DEBUG: Palestras relacionadas buscadas para categoria 'Literária'.
[2025-10-04 20:01:23] [PALESTRA] DEBUG: Verificação de certificado existente para exibição inicial. ID existente: Nenhum
[2025-10-04 20:01:23] [PALESTRA] DEBUG: Panda Player Div ID extraído do embed: 'panda-5dcfba36-dd83-45fa-acb5-9aaf288ea066'
[2025-10-04 20:06:19] [PALESTRA] DEBUG: Script palestra.php iniciado.
[2025-10-04 20:06:19] [PALESTRA] DEBUG: Usuário tem permissão.
[2025-10-04 20:06:19] [PALESTRA] DEBUG: ID da palestra recebido: c97b8e46-a080-11f0-916e-bad1eb27008a
[2025-10-04 20:06:19] [PALESTRA] DEBUG: Palestra 'S08E30 — Media Interpreting: dos bastidores à tela' encontrada. Duração em minutos: 82
[2025-10-04 20:06:19] [PALESTRA] DEBUG: User ID da sessão ('debug-user') é válido e existe na tabela 'users'.
[2025-10-04 20:06:19] [PALESTRA] INFO: Novo log de acesso registrado para palestra 'S08E30 — Media Interpreting: dos bastidores à tela' (User ID: debug-user).
[2025-10-04 20:06:19] [PALESTRA] DEBUG: Progresso inicial carregado do DB (user_progress_seconds): 0
[2025-10-04 20:06:19] [PALESTRA] DEBUG: Palestras relacionadas buscadas para categoria 'Interpretação'.
[2025-10-04 20:06:19] [PALESTRA] DEBUG: Verificação de certificado existente para exibição inicial. ID existente: Nenhum
[2025-10-04 20:06:19] [PALESTRA] DEBUG: Panda Player Div ID extraído do embed: 'panda-500b1d42-fdc1-4983-ae67-dd9850ddb23a'
[2025-10-04 20:09:04] [PALESTRA] DEBUG: Script palestra.php iniciado.
[2025-10-04 20:09:04] [PALESTRA] DEBUG: Usuário tem permissão.
[2025-10-04 20:09:04] [PALESTRA] DEBUG: ID da palestra recebido: c97b8e46-a080-11f0-916e-bad1eb27008a
[2025-10-04 20:09:04] [PALESTRA] DEBUG: Palestra 'S08E30 — Media Interpreting: dos bastidores à tela' encontrada. Duração em minutos: 82
[2025-10-04 20:09:04] [PALESTRA] DEBUG: User ID da sessão ('debug-user') é válido e existe na tabela 'users'.
[2025-10-04 20:09:04] [PALESTRA] DEBUG: Log existente encontrado. Progresso: 0s
[2025-10-04 20:09:04] [PALESTRA] DEBUG: Progresso inicial carregado do DB (user_progress_seconds): 0
[2025-10-04 20:09:04] [PALESTRA] DEBUG: Palestras relacionadas buscadas para categoria 'Interpretação'.
[2025-10-04 20:09:04] [PALESTRA] DEBUG: Verificação de certificado existente para exibição inicial. ID existente: Nenhum
[2025-10-04 20:09:04] [PALESTRA] DEBUG: Panda Player Div ID extraído do embed: 'panda-500b1d42-fdc1-4983-ae67-dd9850ddb23a'
[2025-10-04 20:09:34] [PALESTRA] DEBUG: Script palestra.php iniciado.
[2025-10-04 20:09:34] [PALESTRA] DEBUG: Usuário tem permissão.
[2025-10-04 20:09:34] [PALESTRA] DEBUG: ID da palestra recebido: 2ff0b4a3-20e1-46be-a94b-4de34485e760
[2025-10-04 20:09:34] [PALESTRA] DEBUG: Palestra 'S08E20 — Além da Língua: Estratégias que Todo Intérprete Precisa Dominar — Manuela Sampaio' encontrada. Duração em minutos: 61
[2025-10-04 20:09:34] [PALESTRA] DEBUG: User ID da sessão ('debug-user') é válido e existe na tabela 'users'.
[2025-10-04 20:09:34] [PALESTRA] DEBUG: Log existente encontrado. Progresso: 21s
[2025-10-04 20:09:34] [PALESTRA] DEBUG: Progresso inicial carregado do DB (user_progress_seconds): 21
[2025-10-04 20:09:34] [PALESTRA] DEBUG: Palestras relacionadas buscadas para categoria ''.
[2025-10-04 20:09:34] [PALESTRA] DEBUG: Verificação de certificado existente para exibição inicial. ID existente: Nenhum
[2025-10-04 20:09:34] [PALESTRA] DEBUG: Panda Player Div ID extraído do embed: 'panda-2ff0b4a3-20e1-46be-a94b-4de34485e760'
[2025-10-04 20:10:18] [GENERATE_SIMPLE] Script generate_simple_certificate.php iniciado
[2025-10-04 20:10:18] [GENERATE_SIMPLE] Dados recebidos - Lecture: b9e298ef-a094-11f0-916e-bad1eb27008a, User: 630d1ae7-22dc-439b-8ff7-1c602c0f0ce3, Watched: 6480s
[2025-10-04 20:10:18] [GENERATE_SIMPLE] Iniciando validações simplificadas
[2025-10-04 20:10:18] [GENERATE_SIMPLE] Progresso no DB: 13709s, Enviado pelo cliente: 6480s
[2025-10-04 20:10:18] [GENERATE_SIMPLE] Tempo final considerado: 13709s
[2025-10-04 20:10:18] [GENERATE_SIMPLE] Duração total: 6480s, Requerido (85%): 5508s
[2025-10-04 20:10:18] [GENERATE_SIMPLE] Todas as validações passaram - gerando certificado
[2025-10-04 20:10:18] [GENERATE_SIMPLE] SUCESSO: Certificado inserido no banco - ID: 8e97d8ca-9382-4885-9e17-a98c993b54ef
[2025-10-04 20:10:18] [GENERATE_SIMPLE] DEBUG: [GENERATE_SIMPLE] Iniciando geração de PNG para ID: 8e97d8ca-9382-4885-9e17-a98c993b54ef
[2025-10-04 20:10:18] [GENERATE_SIMPLE] DEBUG: [GENERATE_SIMPLE] Conversão UTF-8 aplicada para geração.
[2025-10-04 20:10:18] [GENERATE_SIMPLE] DEBUG: [GENERATE_SIMPLE] Dimensões do template: Largura=3509, Altura=2481
[2025-10-04 20:10:18] [GENERATE_SIMPLE] DEBUG: [GENERATE_SIMPLE] Procurando fontes TTF para geração...
[2025-10-04 20:10:18] [GENERATE_SIMPLE] DEBUG: [GENERATE_SIMPLE] Fonte TTF Bold encontrada em: /home/u335416710/domains/translators101.com/public_html/v/includes/../fonts/DejaVuSans-Bold.ttf
[2025-10-04 20:10:18] [GENERATE_SIMPLE] DEBUG: [GENERATE_SIMPLE] Fonte TTF padrão encontrada em: /home/u335416710/domains/translators101.com/public_html/v/includes/../fonts/DejaVuSans-Bold.ttf
[2025-10-04 20:10:18] [GENERATE_SIMPLE] DEBUG: [GENERATE_SIMPLE] Usando imagettftext para geração.
[2025-10-04 20:10:18] [GENERATE_SIMPLE] DEBUG: [GENERATE_SIMPLE] Nome do usuário adicionado (X: 1138, Y: 1100).
[2025-10-04 20:10:18] [GENERATE_SIMPLE] DEBUG: [GENERATE_SIMPLE] Processando título: 'S08E26 — Prospecção no mercado editorial' (tamanho: 44 caracteres)
[2025-10-04 20:10:18] [GENERATE_SIMPLE] DEBUG: [GENERATE_SIMPLE] Título curto - usando layout centralizado
[2025-10-04 20:10:18] [GENERATE_SIMPLE] DEBUG: [GENERATE_SIMPLE] Título curto centralizado adicionado (X: 617, Y: 1400)
[2025-10-04 20:10:18] [GENERATE_SIMPLE] DEBUG: [GENERATE_SIMPLE] Duração da palestra adicionada (X: 2000, Y: 1570).
[2025-10-04 20:10:18] [GENERATE_SIMPLE] DEBUG: [GENERATE_SIMPLE] Data de emissão adicionada (X: 850, Y: 2330).
[2025-10-04 20:10:18] [GENERATE_SIMPLE] DEBUG: [GENERATE_SIMPLE] ID do certificado adicionado (X: 280, Y: 2430).
[2025-10-04 20:10:18] [GENERATE_SIMPLE] DEBUG: URL de verificação gerada: https://v.translators101.com/verificar_certificado.php?id=8e97d8ca-9382-4885-9e17-a98c993b54ef
[2025-10-04 20:10:19] [GENERATE_SIMPLE] DEBUG: QR Code colado na imagem base.
[2025-10-04 20:10:19] [GENERATE_SIMPLE] DEBUG: [GENERATE_SIMPLE] QR Code adicionado à imagem durante a geração (X: 2989, Y: 2131, Tamanho: 300).
[2025-10-04 20:10:23] [GENERATE_SIMPLE] DEBUG: [GENERATE_SIMPLE] imagepng() retornou SUCESSO. Verificando se o arquivo gerado é um PNG válido.
[2025-10-04 20:10:23] [GENERATE_SIMPLE] INFO: [GENERATE_SIMPLE] Certificado PNG gerado e salvo com sucesso em: /home/u335416710/domains/translators101.com/public_html/v/includes/../certificates/certificate_8e97d8ca-9382-4885-9e17-a98c993b54ef.png. É um PNG válido.
[2025-10-04 20:10:23] [GENERATE_SIMPLE] SUCESSO: PNG gerado - /home/u335416710/domains/translators101.com/public_html/v/includes/../certificates/certificate_8e97d8ca-9382-4885-9e17-a98c993b54ef.png
[2025-10-04 20:10:23] [GENERATE_SIMPLE] DEBUG: [GENERATE_SIMPLE] Iniciando geração de PDF T101 CORRIGIDO para ID: 8e97d8ca-9382-4885-9e17-a98c993b54ef
[2025-10-04 20:10:23] [GENERATE_SIMPLE] DEBUG: [GENERATE_SIMPLE] TCPDF encontrado em: /home/u335416710/domains/translators101.com/public_html/v/includes/../vendor/tecnickcom/tcpdf/tcpdf.php
[2025-10-04 20:10:25] [GENERATE_SIMPLE] DEBUG: [GENERATE_SIMPLE] Template T101 oficial aplicado como fundo
[2025-10-04 20:10:25] [GENERATE_SIMPLE] DEBUG: URL de verificação gerada: https://v.translators101.com/verificar_certificado.php?id=8e97d8ca-9382-4885-9e17-a98c993b54ef
[2025-10-04 20:10:26] [GENERATE_SIMPLE] DEBUG: [GENERATE_SIMPLE] QR Code T101 adicionado ao PDF (posição corrigida)
[2025-10-04 20:10:26] [GENERATE_SIMPLE] SUCESSO: [GENERATE_SIMPLE] PDF T101 CORRIGIDO gerado em: /home/u335416710/domains/translators101.com/public_html/v/includes/../certificates/certificate_8e97d8ca-9382-4885-9e17-a98c993b54ef.pdf
[2025-10-04 20:10:26] [GENERATE_SIMPLE] SUCESSO: PDF gerado - /home/u335416710/domains/translators101.com/public_html/v/includes/../certificates/certificate_8e97d8ca-9382-4885-9e17-a98c993b54ef.pdf
[2025-10-04 20:10:26] [GENERATE_SIMPLE] SUCESSO: Certificado gerado - ID: 8e97d8ca-9382-4885-9e17-a98c993b54ef, PNG: SIM, PDF: SIM, Assistido: 13709s de 6480s (211.6%)
[2025-10-04 20:14:48] [PALESTRA] DEBUG: Script palestra.php iniciado.
[2025-10-04 20:14:48] [PALESTRA] DEBUG: Usuário tem permissão.
[2025-10-04 20:14:48] [PALESTRA] DEBUG: ID da palestra recebido: b9e298ef-a094-11f0-916e-bad1eb27008a
[2025-10-04 20:14:48] [PALESTRA] DEBUG: Palestra 'S08E26 — Prospecção no mercado editorial' encontrada. Duração em minutos: 108
[2025-10-04 20:14:48] [PALESTRA] DEBUG: User ID da sessão ('630d1ae7-22dc-439b-8ff7-1c602c0f0ce3') é válido e existe na tabela 'users'.
[2025-10-04 20:14:48] [PALESTRA] DEBUG: Log existente encontrado. Progresso: 6480s
[2025-10-04 20:14:48] [PALESTRA] DEBUG: Progresso inicial carregado do DB (user_progress_seconds): 6480
[2025-10-04 20:14:48] [PALESTRA] DEBUG: Palestras relacionadas buscadas para categoria 'Literária'.
[2025-10-04 20:14:48] [PALESTRA] DEBUG: Verificação de certificado existente para exibição inicial. ID existente: 8e97d8ca-9382-4885-9e17-a98c993b54ef
[2025-10-04 20:14:48] [PALESTRA] DEBUG: Panda Player Div ID extraído do embed: 'panda-5dcfba36-dd83-45fa-acb5-9aaf288ea066'
[2025-10-04 17:14:53] [DOWNLOAD] DEBUG: Script download_certificate_files.php iniciado.
[2025-10-04 17:14:53] [DOWNLOAD] DEBUG: ID do certificado recebido: 8e97d8ca-9382-4885-9e17-a98c993b54ef, formato solicitado: png
[2025-10-04 17:14:53] [DOWNLOAD] DEBUG: Dados do certificado encontrados no banco de dados.
[2025-10-04 17:14:53] [DOWNLOAD] DEBUG: Arquivo PNG encontrado: /home/u335416710/domains/translators101.com/public_html/v/certificates/certificate_8e97d8ca-9382-4885-9e17-a98c993b54ef.png
[2025-10-04 17:14:53] [DOWNLOAD] DEBUG: Preparando download final: Certificado_Rafaela_Franceschini_2025-10-04.png (Tipo: image/png) - Arquivo: /home/u335416710/domains/translators101.com/public_html/v/certificates/certificate_8e97d8ca-9382-4885-9e17-a98c993b54ef.png
[2025-10-04 17:14:53] [DOWNLOAD] INFO: Arquivo Certificado_Rafaela_Franceschini_2025-10-04.png enviado para download com sucesso.
[2025-10-04 20:15:35] [PALESTRA] DEBUG: Script palestra.php iniciado.
[2025-10-04 20:15:35] [PALESTRA] DEBUG: Palestra 'Spin-off_11 — Os 10 da tradução literária' encontrada. Duração em minutos: 201
[2025-10-04 20:15:35] [PALESTRA] DEBUG: Log existente. Progresso inicial: 7s
[2025-10-04 20:15:35] [PALESTRA] DEBUG: Certificado existente? Não
[2025-10-04 20:15:35] [PALESTRA] DEBUG: ID do player no embed: panda-2e6b9f52-e5bc-4e2e-9337-547c0e1c9132
[2025-10-04 20:15:38] [PALESTRA] DEBUG: Script palestra.php iniciado.
[2025-10-04 20:15:38] [PALESTRA] DEBUG: Palestra 'S08E20 — Além da Língua: Estratégias que Todo Intérprete Precisa Dominar — Manuela Sampaio' encontrada. Duração em minutos: 61
[2025-10-04 20:15:38] [PALESTRA] DEBUG: Log existente. Progresso inicial: 21s
[2025-10-04 20:15:38] [PALESTRA] DEBUG: Certificado existente? Não
[2025-10-04 20:15:38] [PALESTRA] DEBUG: ID do player no embed: panda-2ff0b4a3-20e1-46be-a94b-4de34485e760
[2025-10-04 20:16:08] [PALESTRA] DEBUG: Script palestra.php iniciado.
[2025-10-04 20:16:08] [PALESTRA] DEBUG: Palestra 'S08E20 — Além da Língua: Estratégias que Todo Intérprete Precisa Dominar — Manuela Sampaio' encontrada. Duração em minutos: 61
[2025-10-04 20:16:08] [PALESTRA] DEBUG: Log existente. Progresso inicial: 21s
[2025-10-04 20:16:08] [PALESTRA] DEBUG: Certificado existente? Não
[2025-10-04 20:16:08] [PALESTRA] DEBUG: ID do player no embed: panda-2ff0b4a3-20e1-46be-a94b-4de34485e760
[2025-10-04 20:23:41] [PALESTRA] DEBUG: Script palestra.php iniciado.
[2025-10-04 20:23:41] [PALESTRA] DEBUG: Usuário tem permissão.
[2025-10-04 20:23:41] [PALESTRA] DEBUG: ID da palestra recebido: beeab942-8947-43a3-81c5-87d8ee8f5764
[2025-10-04 20:23:41] [PALESTRA] DEBUG: Palestra 'S08E06 — Tradução e tecnologia: até que ponto elas caminham juntas? — Simone Brito' encontrada. Duração em minutos: 78
[2025-10-04 20:23:41] [PALESTRA] DEBUG: User ID da sessão ('debug-user') é válido e existe na tabela 'users'.
[2025-10-04 20:23:41] [PALESTRA] DEBUG: Log existente encontrado. Progresso: 0s
[2025-10-04 20:23:41] [PALESTRA] DEBUG: Progresso inicial carregado do DB (user_progress_seconds): 0
[2025-10-04 20:23:41] [PALESTRA] DEBUG: Palestras relacionadas buscadas para categoria ''.
[2025-10-04 20:23:41] [PALESTRA] DEBUG: Verificação de certificado existente para exibição inicial. ID existente: Nenhum
[2025-10-04 20:23:41] [PALESTRA] DEBUG: Panda Player Div ID extraído do embed: 'panda-beeab942-8947-43a3-81c5-87d8ee8f5764'
[2025-10-04 20:25:11] [PALESTRA] DEBUG: Script palestra.php iniciado.
[2025-10-04 20:25:11] [PALESTRA] DEBUG: Usuário tem permissão.
[2025-10-04 20:25:11] [PALESTRA] DEBUG: ID da palestra recebido: 2a01e0cc-6d40-4879-8fc0-d4fa898a8628
[2025-10-04 20:25:11] [PALESTRA] DEBUG: Palestra 'S08E19 — A IA e o futuro da tradução: uma análise do panorama atual e expectativas — Valter Mendes' encontrada. Duração em minutos: 85
[2025-10-04 20:25:11] [PALESTRA] DEBUG: User ID da sessão ('debug-user') é válido e existe na tabela 'users'.
[2025-10-04 20:25:11] [PALESTRA] DEBUG: Log existente encontrado. Progresso: 2044s
[2025-10-04 20:25:11] [PALESTRA] DEBUG: Progresso inicial carregado do DB (user_progress_seconds): 2044
[2025-10-04 20:25:11] [PALESTRA] DEBUG: Palestras relacionadas buscadas para categoria ''.
[2025-10-04 20:25:11] [PALESTRA] DEBUG: Verificação de certificado existente para exibição inicial. ID existente: Nenhum
[2025-10-04 20:25:11] [PALESTRA] DEBUG: Panda Player Div ID extraído do embed: 'panda-2a01e0cc-6d40-4879-8fc0-d4fa898a8628'
[2025-10-04 22:23:51] [PALESTRA] DEBUG: Script palestra.php iniciado.
[2025-10-04 22:23:51] [PALESTRA] DEBUG: Usuário tem permissão.
[2025-10-04 22:23:51] [PALESTRA] DEBUG: ID da palestra recebido: b9e298ef-a094-11f0-916e-bad1eb27008a
[2025-10-04 22:23:51] [PALESTRA] DEBUG: Palestra 'S08E26 — Prospecção no mercado editorial' encontrada. Duração em minutos: 108
[2025-10-04 22:23:51] [PALESTRA] DEBUG: User ID da sessão ('630d1ae7-22dc-439b-8ff7-1c602c0f0ce3') é válido e existe na tabela 'users'.
[2025-10-04 22:23:51] [PALESTRA] DEBUG: Log existente encontrado. Progresso: 13975s
[2025-10-04 22:23:51] [PALESTRA] DEBUG: Progresso inicial carregado do DB (user_progress_seconds): 13975
[2025-10-04 22:23:51] [PALESTRA] DEBUG: Palestras relacionadas buscadas para categoria 'Literária'.
[2025-10-04 22:23:51] [PALESTRA] DEBUG: Verificação de certificado existente para exibição inicial. ID existente: 8e97d8ca-9382-4885-9e17-a98c993b54ef
[2025-10-04 22:23:51] [PALESTRA] DEBUG: Panda Player Div ID extraído do embed: 'panda-5dcfba36-dd83-45fa-acb5-9aaf288ea066'
[2025-10-05 00:18:32] [PALESTRA] DEBUG: Script palestra.php iniciado.
[2025-10-05 00:18:32] [PALESTRA] DEBUG: Usuário tem permissão.
[2025-10-05 00:18:32] [PALESTRA] DEBUG: ID da palestra recebido: 43c3b8d8-df36-4ce2-93af-c54007f2cb65
[2025-10-05 00:18:32] [PALESTRA] DEBUG: Palestra 'S07E51 — Entre Palavras e Mistérios: A Arte de Traduzir Arsène Lupin — Marco Hruschka, Luigi Ricciardi e Rafael Silvaro' encontrada. Duração em minutos: 92
[2025-10-05 00:18:32] [PALESTRA] DEBUG: User ID da sessão ('945a97b5-bad5-42e4-81ea-390f85b9eac9') é válido e existe na tabela 'users'.
[2025-10-05 00:18:32] [PALESTRA] INFO: Novo log de acesso registrado para palestra 'S07E51 — Entre Palavras e Mistérios: A Arte de Traduzir Arsène Lupin — Marco Hruschka, Luigi Ricciardi e Rafael Silvaro' (User ID: 945a97b5-bad5-42e4-81ea-390f85b9eac9).
[2025-10-05 00:18:32] [PALESTRA] DEBUG: Progresso inicial carregado do DB (user_progress_seconds): 0
[2025-10-05 00:18:32] [PALESTRA] DEBUG: Palestras relacionadas buscadas para categoria ''.
[2025-10-05 00:18:32] [PALESTRA] DEBUG: Verificação de certificado existente para exibição inicial. ID existente: Nenhum
[2025-10-05 00:18:32] [PALESTRA] DEBUG: Panda Player Div ID extraído do embed: 'panda-43c3b8d8-df36-4ce2-93af-c54007f2cb65'
[2025-10-05 01:57:04] [GENERATE_SIMPLE] Script generate_simple_certificate.php iniciado
[2025-10-05 01:57:04] [GENERATE_SIMPLE] Dados recebidos - Lecture: 43c3b8d8-df36-4ce2-93af-c54007f2cb65, User: 945a97b5-bad5-42e4-81ea-390f85b9eac9, Watched: 5520s
[2025-10-05 01:57:04] [GENERATE_SIMPLE] Iniciando validações simplificadas
[2025-10-05 01:57:04] [GENERATE_SIMPLE] Progresso no DB: 5900s, Enviado pelo cliente: 5520s
[2025-10-05 01:57:04] [GENERATE_SIMPLE] Tempo final considerado: 5900s
[2025-10-05 01:57:04] [GENERATE_SIMPLE] Duração total: 5520s, Requerido (85%): 4692s
[2025-10-05 01:57:04] [GENERATE_SIMPLE] Todas as validações passaram - gerando certificado
[2025-10-05 01:57:04] [GENERATE_SIMPLE] SUCESSO: Certificado inserido no banco - ID: 4681bcc7-38a5-4dd1-8b9d-4c24cc2f1e5c
[2025-10-05 01:57:04] [GENERATE_SIMPLE] DEBUG: [GENERATE_SIMPLE] Iniciando geração de PNG para ID: 4681bcc7-38a5-4dd1-8b9d-4c24cc2f1e5c
[2025-10-05 01:57:04] [GENERATE_SIMPLE] DEBUG: [GENERATE_SIMPLE] Conversão UTF-8 aplicada para geração.
[2025-10-05 01:57:04] [GENERATE_SIMPLE] DEBUG: [GENERATE_SIMPLE] Dimensões do template: Largura=3509, Altura=2481
[2025-10-05 01:57:04] [GENERATE_SIMPLE] DEBUG: [GENERATE_SIMPLE] Procurando fontes TTF para geração...
[2025-10-05 01:57:04] [GENERATE_SIMPLE] DEBUG: [GENERATE_SIMPLE] Fonte TTF Bold encontrada em: /home/u335416710/domains/translators101.com/public_html/v/includes/../fonts/DejaVuSans-Bold.ttf
[2025-10-05 01:57:04] [GENERATE_SIMPLE] DEBUG: [GENERATE_SIMPLE] Fonte TTF padrão encontrada em: /home/u335416710/domains/translators101.com/public_html/v/includes/../fonts/DejaVuSans-Bold.ttf
[2025-10-05 01:57:04] [GENERATE_SIMPLE] DEBUG: [GENERATE_SIMPLE] Usando imagettftext para geração.
[2025-10-05 01:57:04] [GENERATE_SIMPLE] DEBUG: [GENERATE_SIMPLE] Nome do usuário adicionado (X: 257, Y: 1100).
[2025-10-05 01:57:04] [GENERATE_SIMPLE] DEBUG: [GENERATE_SIMPLE] Processando título: 'S07E51 — Entre Palavras e Mistérios: A Arte de Traduzir Arsène Lupin — Marco Hruschka, Luigi Ricciardi e Rafael Silvaro' (tamanho: 125 caracteres)
[2025-10-05 01:57:04] [GENERATE_SIMPLE] DEBUG: [GENERATE_SIMPLE] Título longo detectado - aplicando quebra de linha inteligente
[2025-10-05 01:57:04] [GENERATE_SIMPLE] DEBUG: [GENERATE_SIMPLE] Linha 1: 'S07E51 — Entre Palavras e Mistérios: A Arte de'
[2025-10-05 01:57:04] [GENERATE_SIMPLE] DEBUG: [GENERATE_SIMPLE] Linha 2: 'Traduzir Arsène Lupin — Marco Hruschka, Luigi Ricciardi e Rafael Silvaro'
[2025-10-05 01:57:04] [GENERATE_SIMPLE] DEBUG: [GENERATE_SIMPLE] Linha 1 adicionada (X: 868.5, Y: 1350)
[2025-10-05 01:57:04] [GENERATE_SIMPLE] DEBUG: [GENERATE_SIMPLE] Linha 2 adicionada (X: 391, Y: 1410)
[2025-10-05 01:57:04] [GENERATE_SIMPLE] DEBUG: [GENERATE_SIMPLE] Duração da palestra adicionada (X: 2000, Y: 1570).
[2025-10-05 01:57:04] [GENERATE_SIMPLE] DEBUG: [GENERATE_SIMPLE] Data de emissão adicionada (X: 850, Y: 2330).
[2025-10-05 01:57:04] [GENERATE_SIMPLE] DEBUG: [GENERATE_SIMPLE] ID do certificado adicionado (X: 280, Y: 2430).
[2025-10-05 01:57:04] [GENERATE_SIMPLE] DEBUG: URL de verificação gerada: https://v.translators101.com/verificar_certificado.php?id=4681bcc7-38a5-4dd1-8b9d-4c24cc2f1e5c
[2025-10-05 01:57:06] [GENERATE_SIMPLE] DEBUG: QR Code colado na imagem base.
[2025-10-05 01:57:06] [GENERATE_SIMPLE] DEBUG: [GENERATE_SIMPLE] QR Code adicionado à imagem durante a geração (X: 2989, Y: 2131, Tamanho: 300).
[2025-10-05 01:57:09] [GENERATE_SIMPLE] DEBUG: [GENERATE_SIMPLE] imagepng() retornou SUCESSO. Verificando se o arquivo gerado é um PNG válido.
[2025-10-05 01:57:09] [GENERATE_SIMPLE] INFO: [GENERATE_SIMPLE] Certificado PNG gerado e salvo com sucesso em: /home/u335416710/domains/translators101.com/public_html/v/includes/../certificates/certificate_4681bcc7-38a5-4dd1-8b9d-4c24cc2f1e5c.png. É um PNG válido.
[2025-10-05 01:57:09] [GENERATE_SIMPLE] SUCESSO: PNG gerado - /home/u335416710/domains/translators101.com/public_html/v/includes/../certificates/certificate_4681bcc7-38a5-4dd1-8b9d-4c24cc2f1e5c.png
[2025-10-05 01:57:09] [GENERATE_SIMPLE] DEBUG: [GENERATE_SIMPLE] Iniciando geração de PDF T101 CORRIGIDO para ID: 4681bcc7-38a5-4dd1-8b9d-4c24cc2f1e5c
[2025-10-05 01:57:09] [GENERATE_SIMPLE] DEBUG: [GENERATE_SIMPLE] TCPDF encontrado em: /home/u335416710/domains/translators101.com/public_html/v/includes/../vendor/tecnickcom/tcpdf/tcpdf.php
[2025-10-05 01:57:12] [GENERATE_SIMPLE] DEBUG: [GENERATE_SIMPLE] Template T101 oficial aplicado como fundo
[2025-10-05 01:57:12] [GENERATE_SIMPLE] DEBUG: URL de verificação gerada: https://v.translators101.com/verificar_certificado.php?id=4681bcc7-38a5-4dd1-8b9d-4c24cc2f1e5c
[2025-10-05 01:57:13] [GENERATE_SIMPLE] DEBUG: [GENERATE_SIMPLE] QR Code T101 adicionado ao PDF (posição corrigida)
[2025-10-05 01:57:13] [GENERATE_SIMPLE] SUCESSO: [GENERATE_SIMPLE] PDF T101 CORRIGIDO gerado em: /home/u335416710/domains/translators101.com/public_html/v/includes/../certificates/certificate_4681bcc7-38a5-4dd1-8b9d-4c24cc2f1e5c.pdf
[2025-10-05 01:57:13] [GENERATE_SIMPLE] SUCESSO: PDF gerado - /home/u335416710/domains/translators101.com/public_html/v/includes/../certificates/certificate_4681bcc7-38a5-4dd1-8b9d-4c24cc2f1e5c.pdf
[2025-10-05 01:57:13] [GENERATE_SIMPLE] SUCESSO: Certificado gerado - ID: 4681bcc7-38a5-4dd1-8b9d-4c24cc2f1e5c, PNG: SIM, PDF: SIM, Assistido: 5900s de 5520s (106.9%)
[2025-10-05 13:57:03] [PALESTRA] DEBUG: Script palestra.php iniciado.
[2025-10-05 13:57:03] [PALESTRA] DEBUG: Usuário tem permissão.
[2025-10-05 13:57:03] [PALESTRA] DEBUG: ID da palestra recebido: 41f26228-4f94-4c7f-b9f0-7906ea80bb26
[2025-10-05 13:57:03] [PALESTRA] DEBUG: Palestra 'S07E46 — Apresentando o English-Portuguese Dictionary o Verbal Collocations — Stella E. O. Tagnin' encontrada. Duração em minutos: 42
[2025-10-05 13:57:03] [PALESTRA] DEBUG: User ID da sessão ('d6ad966b-9d81-11f0-916e-bad1eb27008a') é válido e existe na tabela 'users'.
[2025-10-05 13:57:03] [PALESTRA] INFO: Novo log de acesso registrado para palestra 'S07E46 — Apresentando o English-Portuguese Dictionary o Verbal Collocations — Stella E. O. Tagnin' (User ID: d6ad966b-9d81-11f0-916e-bad1eb27008a).
[2025-10-05 13:57:03] [PALESTRA] DEBUG: Progresso inicial carregado do DB (user_progress_seconds): 0
[2025-10-05 13:57:03] [PALESTRA] DEBUG: Palestras relacionadas buscadas para categoria ''.
[2025-10-05 13:57:03] [PALESTRA] DEBUG: Verificação de certificado existente para exibição inicial. ID existente: Nenhum
[2025-10-05 13:57:03] [PALESTRA] DEBUG: Panda Player Div ID extraído do embed: 'panda-41f26228-4f94-4c7f-b9f0-7906ea80bb26'
[2025-10-05 19:29:01] [PALESTRA] DEBUG: Script palestra.php iniciado.
[2025-10-05 19:29:01] [PALESTRA] DEBUG: Usuário tem permissão.
[2025-10-05 19:29:01] [PALESTRA] DEBUG: ID da palestra recebido: 66cb557a-85aa-4653-8077-b77eb11cc78f
[2025-10-05 19:29:01] [PALESTRA] DEBUG: Palestra 'S02E04 — Singularidades da tradução de idiomas raros — Robson Ortlibas' encontrada. Duração em minutos: 55
[2025-10-05 19:29:01] [PALESTRA] DEBUG: User ID da sessão ('945a97b5-bad5-42e4-81ea-390f85b9eac9') é válido e existe na tabela 'users'.
[2025-10-05 19:29:01] [PALESTRA] INFO: Novo log de acesso registrado para palestra 'S02E04 — Singularidades da tradução de idiomas raros — Robson Ortlibas' (User ID: 945a97b5-bad5-42e4-81ea-390f85b9eac9).
[2025-10-05 19:29:01] [PALESTRA] DEBUG: Progresso inicial carregado do DB (user_progress_seconds): 0
[2025-10-05 19:29:01] [PALESTRA] DEBUG: Palestras relacionadas buscadas para categoria ''.
[2025-10-05 19:29:01] [PALESTRA] DEBUG: Verificação de certificado existente para exibição inicial. ID existente: Nenhum
[2025-10-05 19:29:01] [PALESTRA] DEBUG: Panda Player Div ID extraído do embed: 'panda-66cb557a-85aa-4653-8077-b77eb11cc78f'
[2025-10-05 20:29:04] [GENERATE_SIMPLE] Script generate_simple_certificate.php iniciado
[2025-10-05 20:29:04] [GENERATE_SIMPLE] Dados recebidos - Lecture: 66cb557a-85aa-4653-8077-b77eb11cc78f, User: 945a97b5-bad5-42e4-81ea-390f85b9eac9, Watched: 3300s
[2025-10-05 20:29:04] [GENERATE_SIMPLE] Iniciando validações simplificadas
[2025-10-05 20:29:04] [GENERATE_SIMPLE] Progresso no DB: 3594s, Enviado pelo cliente: 3300s
[2025-10-05 20:29:04] [GENERATE_SIMPLE] Tempo final considerado: 3594s
[2025-10-05 20:29:04] [GENERATE_SIMPLE] Duração total: 3300s, Requerido (85%): 2805s
[2025-10-05 20:29:04] [GENERATE_SIMPLE] Todas as validações passaram - gerando certificado
[2025-10-05 20:29:04] [GENERATE_SIMPLE] SUCESSO: Certificado inserido no banco - ID: 82bfe7e2-d7d5-4646-b32f-b8deb2f6c0ed
[2025-10-05 20:29:04] [GENERATE_SIMPLE] DEBUG: [GENERATE_SIMPLE] Iniciando geração de PNG para ID: 82bfe7e2-d7d5-4646-b32f-b8deb2f6c0ed
[2025-10-05 20:29:04] [GENERATE_SIMPLE] DEBUG: [GENERATE_SIMPLE] Conversão UTF-8 aplicada para geração.
[2025-10-05 20:29:04] [GENERATE_SIMPLE] DEBUG: [GENERATE_SIMPLE] Dimensões do template: Largura=3509, Altura=2481
[2025-10-05 20:29:04] [GENERATE_SIMPLE] DEBUG: [GENERATE_SIMPLE] Procurando fontes TTF para geração...
[2025-10-05 20:29:04] [GENERATE_SIMPLE] DEBUG: [GENERATE_SIMPLE] Fonte TTF Bold encontrada em: /home/u335416710/domains/translators101.com/public_html/v/includes/../fonts/DejaVuSans-Bold.ttf
[2025-10-05 20:29:04] [GENERATE_SIMPLE] DEBUG: [GENERATE_SIMPLE] Fonte TTF padrão encontrada em: /home/u335416710/domains/translators101.com/public_html/v/includes/../fonts/DejaVuSans-Bold.ttf
[2025-10-05 20:29:04] [GENERATE_SIMPLE] DEBUG: [GENERATE_SIMPLE] Usando imagettftext para geração.
[2025-10-05 20:29:04] [GENERATE_SIMPLE] DEBUG: [GENERATE_SIMPLE] Nome do usuário adicionado (X: 257, Y: 1100).
[2025-10-05 20:29:04] [GENERATE_SIMPLE] DEBUG: [GENERATE_SIMPLE] Processando título: 'S02E04 — Singularidades da tradução de idiomas raros — Robson Ortlibas' (tamanho: 76 caracteres)
[2025-10-05 20:29:04] [GENERATE_SIMPLE] DEBUG: [GENERATE_SIMPLE] Título longo detectado - aplicando quebra de linha inteligente
[2025-10-05 20:29:04] [GENERATE_SIMPLE] DEBUG: [GENERATE_SIMPLE] Linha 1: 'S02E04 — Singularidades da tradução de idiomas'
[2025-10-05 20:29:04] [GENERATE_SIMPLE] DEBUG: [GENERATE_SIMPLE] Linha 2: 'raros — Robson Ortlibas'
[2025-10-05 20:29:04] [GENERATE_SIMPLE] DEBUG: [GENERATE_SIMPLE] Linha 1 adicionada (X: 828, Y: 1350)
[2025-10-05 20:29:04] [GENERATE_SIMPLE] DEBUG: [GENERATE_SIMPLE] Linha 2 adicionada (X: 1303, Y: 1410)
[2025-10-05 20:29:04] [GENERATE_SIMPLE] DEBUG: [GENERATE_SIMPLE] Duração da palestra adicionada (X: 2000, Y: 1570).
[2025-10-05 20:29:04] [GENERATE_SIMPLE] DEBUG: [GENERATE_SIMPLE] Data de emissão adicionada (X: 850, Y: 2330).
[2025-10-05 20:29:04] [GENERATE_SIMPLE] DEBUG: [GENERATE_SIMPLE] ID do certificado adicionado (X: 280, Y: 2430).
[2025-10-05 20:29:04] [GENERATE_SIMPLE] DEBUG: URL de verificação gerada: https://v.translators101.com/verificar_certificado.php?id=82bfe7e2-d7d5-4646-b32f-b8deb2f6c0ed
[2025-10-05 20:29:05] [GENERATE_SIMPLE] DEBUG: QR Code colado na imagem base.
[2025-10-05 20:29:05] [GENERATE_SIMPLE] DEBUG: [GENERATE_SIMPLE] QR Code adicionado à imagem durante a geração (X: 2989, Y: 2131, Tamanho: 300).
[2025-10-05 20:29:09] [GENERATE_SIMPLE] DEBUG: [GENERATE_SIMPLE] imagepng() retornou SUCESSO. Verificando se o arquivo gerado é um PNG válido.
[2025-10-05 20:29:09] [GENERATE_SIMPLE] INFO: [GENERATE_SIMPLE] Certificado PNG gerado e salvo com sucesso em: /home/u335416710/domains/translators101.com/public_html/v/includes/../certificates/certificate_82bfe7e2-d7d5-4646-b32f-b8deb2f6c0ed.png. É um PNG válido.
[2025-10-05 20:29:09] [GENERATE_SIMPLE] SUCESSO: PNG gerado - /home/u335416710/domains/translators101.com/public_html/v/includes/../certificates/certificate_82bfe7e2-d7d5-4646-b32f-b8deb2f6c0ed.png
[2025-10-05 20:29:09] [GENERATE_SIMPLE] DEBUG: [GENERATE_SIMPLE] Iniciando geração de PDF T101 CORRIGIDO para ID: 82bfe7e2-d7d5-4646-b32f-b8deb2f6c0ed
[2025-10-05 20:29:09] [GENERATE_SIMPLE] DEBUG: [GENERATE_SIMPLE] TCPDF encontrado em: /home/u335416710/domains/translators101.com/public_html/v/includes/../vendor/tecnickcom/tcpdf/tcpdf.php
[2025-10-05 20:29:12] [GENERATE_SIMPLE] DEBUG: [GENERATE_SIMPLE] Template T101 oficial aplicado como fundo
[2025-10-05 20:29:12] [GENERATE_SIMPLE] DEBUG: URL de verificação gerada: https://v.translators101.com/verificar_certificado.php?id=82bfe7e2-d7d5-4646-b32f-b8deb2f6c0ed
[2025-10-05 20:29:13] [GENERATE_SIMPLE] DEBUG: [GENERATE_SIMPLE] QR Code T101 adicionado ao PDF (posição corrigida)
[2025-10-05 20:29:13] [GENERATE_SIMPLE] SUCESSO: [GENERATE_SIMPLE] PDF T101 CORRIGIDO gerado em: /home/u335416710/domains/translators101.com/public_html/v/includes/../certificates/certificate_82bfe7e2-d7d5-4646-b32f-b8deb2f6c0ed.pdf
[2025-10-05 20:29:13] [GENERATE_SIMPLE] SUCESSO: PDF gerado - /home/u335416710/domains/translators101.com/public_html/v/includes/../certificates/certificate_82bfe7e2-d7d5-4646-b32f-b8deb2f6c0ed.pdf
[2025-10-05 20:29:13] [GENERATE_SIMPLE] SUCESSO: Certificado gerado - ID: 82bfe7e2-d7d5-4646-b32f-b8deb2f6c0ed, PNG: SIM, PDF: SIM, Assistido: 3594s de 3300s (108.9%)
[2025-10-05 20:50:28] [PALESTRA] DEBUG: Script palestra.php iniciado.
[2025-10-05 20:50:28] [PALESTRA] DEBUG: Usuário tem permissão.
[2025-10-05 20:50:28] [PALESTRA] DEBUG: ID da palestra recebido: d535fad7-57c3-490d-b07a-97ef8ea74c49
[2025-10-05 20:50:28] [PALESTRA] DEBUG: Palestra 'S05E42 — Da tendência à palavra: uma introdução à tradução de moda — Júlia Jacóbi' encontrada. Duração em minutos: 56
[2025-10-05 20:50:28] [PALESTRA] DEBUG: User ID da sessão ('945a97b5-bad5-42e4-81ea-390f85b9eac9') é válido e existe na tabela 'users'.
[2025-10-05 20:50:28] [PALESTRA] INFO: Novo log de acesso registrado para palestra 'S05E42 — Da tendência à palavra: uma introdução à tradução de moda — Júlia Jacóbi' (User ID: 945a97b5-bad5-42e4-81ea-390f85b9eac9).
[2025-10-05 20:50:28] [PALESTRA] DEBUG: Progresso inicial carregado do DB (user_progress_seconds): 0
[2025-10-05 20:50:28] [PALESTRA] DEBUG: Palestras relacionadas buscadas para categoria ''.
[2025-10-05 20:50:28] [PALESTRA] DEBUG: Verificação de certificado existente para exibição inicial. ID existente: Nenhum
[2025-10-05 20:50:28] [PALESTRA] DEBUG: Panda Player Div ID extraído do embed: 'panda-d535fad7-57c3-490d-b07a-97ef8ea74c49'
[2025-10-05 20:59:43] [PALESTRA] DEBUG: Script palestra.php iniciado.
[2025-10-05 20:59:43] [PALESTRA] DEBUG: Usuário tem permissão.
[2025-10-05 20:59:43] [PALESTRA] DEBUG: ID da palestra recebido: 35c4ca47-e97a-4b3f-9422-22e4397daa15
[2025-10-05 20:59:43] [PALESTRA] DEBUG: Palestra 'S08E17 — Reflexões sobre estratégias de tradução — Sátia Marini' encontrada. Duração em minutos: 77
[2025-10-05 20:59:43] [PALESTRA] DEBUG: User ID da sessão ('d6ad966b-9d81-11f0-916e-bad1eb27008a') é válido e existe na tabela 'users'.
[2025-10-05 20:59:43] [PALESTRA] INFO: Novo log de acesso registrado para palestra 'S08E17 — Reflexões sobre estratégias de tradução — Sátia Marini' (User ID: d6ad966b-9d81-11f0-916e-bad1eb27008a).
[2025-10-05 20:59:43] [PALESTRA] DEBUG: Progresso inicial carregado do DB (user_progress_seconds): 0
[2025-10-05 20:59:43] [PALESTRA] DEBUG: Palestras relacionadas buscadas para categoria ''.
[2025-10-05 20:59:43] [PALESTRA] DEBUG: Verificação de certificado existente para exibição inicial. ID existente: Nenhum
[2025-10-05 20:59:43] [PALESTRA] DEBUG: Panda Player Div ID extraído do embed: 'panda-35c4ca47-e97a-4b3f-9422-22e4397daa15'
[2025-10-05 21:00:06] [PALESTRA] DEBUG: Script palestra.php iniciado.
[2025-10-05 21:00:06] [PALESTRA] DEBUG: Usuário tem permissão.
[2025-10-05 21:00:06] [PALESTRA] DEBUG: ID da palestra recebido: 1f024cc5-a1fd-11f0-916e-bad1eb27008a
[2025-10-05 21:00:06] [PALESTRA] DEBUG: Palestra 'S08E29 — Assinatura de e-mail com imagens e links clicáveis no Gmail' encontrada. Duração em minutos: 0
[2025-10-05 21:00:06] [PALESTRA] DEBUG: User ID da sessão ('d6ad966b-9d81-11f0-916e-bad1eb27008a') é válido e existe na tabela 'users'.
[2025-10-05 21:00:06] [PALESTRA] INFO: Novo log de acesso registrado para palestra 'S08E29 — Assinatura de e-mail com imagens e links clicáveis no Gmail' (User ID: d6ad966b-9d81-11f0-916e-bad1eb27008a).
[2025-10-05 21:00:06] [PALESTRA] DEBUG: Progresso inicial carregado do DB (user_progress_seconds): 0
[2025-10-05 21:00:06] [PALESTRA] DEBUG: Palestras relacionadas buscadas para categoria 'Geral'.
[2025-10-05 21:00:06] [PALESTRA] DEBUG: Verificação de certificado existente para exibição inicial. ID existente: Nenhum
[2025-10-05 21:00:06] [PALESTRA] DEBUG: Panda Player Div ID extraído do embed: 'panda-6c04c40c-eb12-4074-97b8-d649dbc3c5f5'
[2025-10-05 21:00:19] [PALESTRA] DEBUG: Script palestra.php iniciado.
[2025-10-05 21:00:19] [PALESTRA] DEBUG: Usuário tem permissão.
[2025-10-05 21:00:19] [PALESTRA] DEBUG: ID da palestra recebido: 1db48161-a1fb-11f0-916e-bad1eb27008a
[2025-10-05 21:00:19] [PALESTRA] DEBUG: Palestra 'S08E31 — Tradução de rimas em jogos' encontrada. Duração em minutos: 99
[2025-10-05 21:00:19] [PALESTRA] DEBUG: User ID da sessão ('d6ad966b-9d81-11f0-916e-bad1eb27008a') é válido e existe na tabela 'users'.
[2025-10-05 21:00:19] [PALESTRA] INFO: Novo log de acesso registrado para palestra 'S08E31 — Tradução de rimas em jogos' (User ID: d6ad966b-9d81-11f0-916e-bad1eb27008a).
[2025-10-05 21:00:19] [PALESTRA] DEBUG: Progresso inicial carregado do DB (user_progress_seconds): 0
[2025-10-05 21:00:19] [PALESTRA] DEBUG: Palestras relacionadas buscadas para categoria 'Literária'.
[2025-10-05 21:00:19] [PALESTRA] DEBUG: Verificação de certificado existente para exibição inicial. ID existente: Nenhum
[2025-10-05 21:00:19] [PALESTRA] DEBUG: Panda Player Div ID extraído do embed: 'panda-d982f426-c60f-45ce-9ee1-41b5b824e2df'
[2025-10-05 21:00:23] [PALESTRA] DEBUG: Script palestra.php iniciado.
[2025-10-05 21:00:23] [PALESTRA] DEBUG: Usuário tem permissão.
[2025-10-05 21:00:23] [PALESTRA] DEBUG: ID da palestra recebido: c97b8e46-a080-11f0-916e-bad1eb27008a
[2025-10-05 21:00:23] [PALESTRA] DEBUG: Palestra 'S08E30 — Media Interpreting: dos bastidores à tela' encontrada. Duração em minutos: 82
[2025-10-05 21:00:23] [PALESTRA] DEBUG: User ID da sessão ('d6ad966b-9d81-11f0-916e-bad1eb27008a') é válido e existe na tabela 'users'.
[2025-10-05 21:00:23] [PALESTRA] INFO: Novo log de acesso registrado para palestra 'S08E30 — Media Interpreting: dos bastidores à tela' (User ID: d6ad966b-9d81-11f0-916e-bad1eb27008a).
[2025-10-05 21:00:23] [PALESTRA] DEBUG: Progresso inicial carregado do DB (user_progress_seconds): 0
[2025-10-05 21:00:23] [PALESTRA] DEBUG: Palestras relacionadas buscadas para categoria 'Interpretação'.
[2025-10-05 21:00:23] [PALESTRA] DEBUG: Verificação de certificado existente para exibição inicial. ID existente: Nenhum
[2025-10-05 21:00:23] [PALESTRA] DEBUG: Panda Player Div ID extraído do embed: 'panda-500b1d42-fdc1-4983-ae67-dd9850ddb23a'
[2025-10-05 21:00:42] [PALESTRA] DEBUG: Script palestra.php iniciado.
[2025-10-05 21:00:42] [PALESTRA] DEBUG: Usuário tem permissão.
[2025-10-05 21:00:42] [PALESTRA] DEBUG: ID da palestra recebido: 2a948d2b-079d-44a2-bc1b-c7934443998b
[2025-10-05 21:00:42] [PALESTRA] DEBUG: Palestra 'S08E11 — Tradução e revisão de artigos científicos em inglês: desafios e estratégias para tradutores profissionais — Marina Araujo' encontrada. Duração em minutos: 66
[2025-10-05 21:00:42] [PALESTRA] DEBUG: User ID da sessão ('d6ad966b-9d81-11f0-916e-bad1eb27008a') é válido e existe na tabela 'users'.
[2025-10-05 21:00:42] [PALESTRA] DEBUG: Log existente encontrado. Progresso: 4360s
[2025-10-05 21:00:42] [PALESTRA] DEBUG: Progresso inicial carregado do DB (user_progress_seconds): 4360
[2025-10-05 21:00:42] [PALESTRA] DEBUG: Palestras relacionadas buscadas para categoria ''.
[2025-10-05 21:00:42] [PALESTRA] DEBUG: Verificação de certificado existente para exibição inicial. ID existente: Nenhum
[2025-10-05 21:00:42] [PALESTRA] DEBUG: Panda Player Div ID extraído do embed: 'panda-2a948d2b-079d-44a2-bc1b-c7934443998b'
[2025-10-05 21:00:53] [PALESTRA] DEBUG: Script palestra.php iniciado.
[2025-10-05 21:00:53] [PALESTRA] DEBUG: Usuário tem permissão.
[2025-10-05 21:00:53] [PALESTRA] DEBUG: ID da palestra recebido: 35c4ca47-e97a-4b3f-9422-22e4397daa15
[2025-10-05 21:00:53] [PALESTRA] DEBUG: Palestra 'S08E17 — Reflexões sobre estratégias de tradução — Sátia Marini' encontrada. Duração em minutos: 77
[2025-10-05 21:00:53] [PALESTRA] DEBUG: User ID da sessão ('d6ad966b-9d81-11f0-916e-bad1eb27008a') é válido e existe na tabela 'users'.
[2025-10-05 21:00:53] [PALESTRA] DEBUG: Log existente encontrado. Progresso: 7s
[2025-10-05 21:00:53] [PALESTRA] DEBUG: Progresso inicial carregado do DB (user_progress_seconds): 7
[2025-10-05 21:00:53] [PALESTRA] DEBUG: Palestras relacionadas buscadas para categoria ''.
[2025-10-05 21:00:53] [PALESTRA] DEBUG: Verificação de certificado existente para exibição inicial. ID existente: Nenhum
[2025-10-05 21:00:53] [PALESTRA] DEBUG: Panda Player Div ID extraído do embed: 'panda-35c4ca47-e97a-4b3f-9422-22e4397daa15'
[2025-10-05 21:38:29] [GENERATE_SIMPLE] Script generate_simple_certificate.php iniciado
[2025-10-05 21:38:29] [GENERATE_SIMPLE] Dados recebidos - Lecture: d535fad7-57c3-490d-b07a-97ef8ea74c49, User: 945a97b5-bad5-42e4-81ea-390f85b9eac9, Watched: 2877s
[2025-10-05 21:38:29] [GENERATE_SIMPLE] Iniciando validações simplificadas
[2025-10-05 21:38:29] [GENERATE_SIMPLE] Progresso no DB: 2870s, Enviado pelo cliente: 2877s
[2025-10-05 21:38:29] [GENERATE_SIMPLE] Tempo final considerado: 2877s
[2025-10-05 21:38:29] [GENERATE_SIMPLE] Duração total: 3360s, Requerido (85%): 2856s
[2025-10-05 21:38:29] [GENERATE_SIMPLE] Todas as validações passaram - gerando certificado
[2025-10-05 21:38:29] [GENERATE_SIMPLE] SUCESSO: Certificado inserido no banco - ID: 9fb14f0a-cd94-43ab-8b8d-6556cc82add1
[2025-10-05 21:38:29] [GENERATE_SIMPLE] DEBUG: [GENERATE_SIMPLE] Iniciando geração de PNG para ID: 9fb14f0a-cd94-43ab-8b8d-6556cc82add1
[2025-10-05 21:38:30] [GENERATE_SIMPLE] DEBUG: [GENERATE_SIMPLE] Conversão UTF-8 aplicada para geração.
[2025-10-05 21:38:30] [GENERATE_SIMPLE] DEBUG: [GENERATE_SIMPLE] Dimensões do template: Largura=3509, Altura=2481
[2025-10-05 21:38:30] [GENERATE_SIMPLE] DEBUG: [GENERATE_SIMPLE] Procurando fontes TTF para geração...
[2025-10-05 21:38:30] [GENERATE_SIMPLE] DEBUG: [GENERATE_SIMPLE] Fonte TTF Bold encontrada em: /home/u335416710/domains/translators101.com/public_html/v/includes/../fonts/DejaVuSans-Bold.ttf
[2025-10-05 21:38:30] [GENERATE_SIMPLE] DEBUG: [GENERATE_SIMPLE] Fonte TTF padrão encontrada em: /home/u335416710/domains/translators101.com/public_html/v/includes/../fonts/DejaVuSans-Bold.ttf
[2025-10-05 21:38:30] [GENERATE_SIMPLE] DEBUG: [GENERATE_SIMPLE] Usando imagettftext para geração.
[2025-10-05 21:38:30] [GENERATE_SIMPLE] DEBUG: [GENERATE_SIMPLE] Nome do usuário adicionado (X: 257, Y: 1100).
[2025-10-05 21:38:30] [GENERATE_SIMPLE] DEBUG: [GENERATE_SIMPLE] Processando título: 'S05E42 — Da tendência à palavra: uma introdução à tradução de moda — Júlia Jacóbi' (tamanho: 94 caracteres)
[2025-10-05 21:38:30] [GENERATE_SIMPLE] DEBUG: [GENERATE_SIMPLE] Título longo detectado - aplicando quebra de linha inteligente
[2025-10-05 21:38:30] [GENERATE_SIMPLE] DEBUG: [GENERATE_SIMPLE] Linha 1: 'S05E42 — Da tendência à palavra: uma introdução'
[2025-10-05 21:38:30] [GENERATE_SIMPLE] DEBUG: [GENERATE_SIMPLE] Linha 2: 'à tradução de moda — Júlia Jacóbi'
[2025-10-05 21:38:30] [GENERATE_SIMPLE] DEBUG: [GENERATE_SIMPLE] Linha 1 adicionada (X: 808, Y: 1350)
[2025-10-05 21:38:30] [GENERATE_SIMPLE] DEBUG: [GENERATE_SIMPLE] Linha 2 adicionada (X: 1120, Y: 1410)
[2025-10-05 21:38:30] [GENERATE_SIMPLE] DEBUG: [GENERATE_SIMPLE] Duração da palestra adicionada (X: 2000, Y: 1570).
[2025-10-05 21:38:30] [GENERATE_SIMPLE] DEBUG: [GENERATE_SIMPLE] Data de emissão adicionada (X: 850, Y: 2330).
[2025-10-05 21:38:30] [GENERATE_SIMPLE] DEBUG: [GENERATE_SIMPLE] ID do certificado adicionado (X: 280, Y: 2430).
[2025-10-05 21:38:30] [GENERATE_SIMPLE] DEBUG: URL de verificação gerada: https://v.translators101.com/verificar_certificado.php?id=9fb14f0a-cd94-43ab-8b8d-6556cc82add1
[2025-10-05 21:38:31] [GENERATE_SIMPLE] DEBUG: QR Code colado na imagem base.
[2025-10-05 21:38:31] [GENERATE_SIMPLE] DEBUG: [GENERATE_SIMPLE] QR Code adicionado à imagem durante a geração (X: 2989, Y: 2131, Tamanho: 300).
[2025-10-05 21:38:34] [GENERATE_SIMPLE] DEBUG: [GENERATE_SIMPLE] imagepng() retornou SUCESSO. Verificando se o arquivo gerado é um PNG válido.
[2025-10-05 21:38:34] [GENERATE_SIMPLE] INFO: [GENERATE_SIMPLE] Certificado PNG gerado e salvo com sucesso em: /home/u335416710/domains/translators101.com/public_html/v/includes/../certificates/certificate_9fb14f0a-cd94-43ab-8b8d-6556cc82add1.png. É um PNG válido.
[2025-10-05 21:38:34] [GENERATE_SIMPLE] SUCESSO: PNG gerado - /home/u335416710/domains/translators101.com/public_html/v/includes/../certificates/certificate_9fb14f0a-cd94-43ab-8b8d-6556cc82add1.png
[2025-10-05 21:38:34] [GENERATE_SIMPLE] DEBUG: [GENERATE_SIMPLE] Iniciando geração de PDF T101 CORRIGIDO para ID: 9fb14f0a-cd94-43ab-8b8d-6556cc82add1
[2025-10-05 21:38:34] [GENERATE_SIMPLE] DEBUG: [GENERATE_SIMPLE] TCPDF encontrado em: /home/u335416710/domains/translators101.com/public_html/v/includes/../vendor/tecnickcom/tcpdf/tcpdf.php
[2025-10-05 21:38:37] [GENERATE_SIMPLE] DEBUG: [GENERATE_SIMPLE] Template T101 oficial aplicado como fundo
[2025-10-05 21:38:37] [GENERATE_SIMPLE] DEBUG: URL de verificação gerada: https://v.translators101.com/verificar_certificado.php?id=9fb14f0a-cd94-43ab-8b8d-6556cc82add1
[2025-10-05 21:38:38] [GENERATE_SIMPLE] DEBUG: [GENERATE_SIMPLE] QR Code T101 adicionado ao PDF (posição corrigida)
[2025-10-05 21:38:38] [GENERATE_SIMPLE] SUCESSO: [GENERATE_SIMPLE] PDF T101 CORRIGIDO gerado em: /home/u335416710/domains/translators101.com/public_html/v/includes/../certificates/certificate_9fb14f0a-cd94-43ab-8b8d-6556cc82add1.pdf
[2025-10-05 21:38:38] [GENERATE_SIMPLE] SUCESSO: PDF gerado - /home/u335416710/domains/translators101.com/public_html/v/includes/../certificates/certificate_9fb14f0a-cd94-43ab-8b8d-6556cc82add1.pdf
[2025-10-05 21:38:38] [GENERATE_SIMPLE] SUCESSO: Certificado gerado - ID: 9fb14f0a-cd94-43ab-8b8d-6556cc82add1, PNG: SIM, PDF: SIM, Assistido: 2877s de 3360s (85.6%)
[2025-10-05 22:01:09] [VIEW] DEBUG: Script view_certificate_files.php iniciado.
[2025-10-05 22:01:09] [VIEW] DEBUG: ID do certificado recebido: 4681bcc7-38a5-4dd1-8b9d-4c24cc2f1e5c
[2025-10-05 22:01:09] [VIEW] DEBUG: Dados do certificado encontrados no banco de dados para ID: 4681bcc7-38a5-4dd1-8b9d-4c24cc2f1e5c
[2025-10-05 22:01:09] [VIEW] DEBUG: Arquivo PNG encontrado: /home/u335416710/domains/translators101.com/public_html/v/certificates/certificate_4681bcc7-38a5-4dd1-8b9d-4c24cc2f1e5c.png
[2025-10-05 22:01:09] [VIEW] DEBUG: Script view_certificate_files.php iniciado.
[2025-10-05 22:01:09] [VIEW] DEBUG: ID do certificado recebido: 4681bcc7-38a5-4dd1-8b9d-4c24cc2f1e5c
[2025-10-05 22:01:09] [VIEW] DEBUG: Dados do certificado encontrados no banco de dados para ID: 4681bcc7-38a5-4dd1-8b9d-4c24cc2f1e5c
[2025-10-05 22:01:09] [VIEW] DEBUG: Arquivo PNG encontrado: /home/u335416710/domains/translators101.com/public_html/v/certificates/certificate_4681bcc7-38a5-4dd1-8b9d-4c24cc2f1e5c.png
[2025-10-05 22:01:09] [VIEW] DEBUG: Mostrando imagem diretamente: Certificado_RaffaelRodrigodeOliveiraGonalvesdeAzevedo.png
[2025-10-05 22:01:09] [VIEW] INFO: Imagem PNG enviada para visualização direta.
[2025-10-05 22:41:46] [PALESTRA] DEBUG: Script palestra.php iniciado.
[2025-10-05 22:41:46] [PALESTRA] DEBUG: Usuário tem permissão.
[2025-10-05 22:41:46] [PALESTRA] DEBUG: ID da palestra recebido: 157e442b-987f-11f0-916e-bad1eb27008a
[2025-10-05 22:41:46] [PALESTRA] DEBUG: Palestra 'S08E10 — Tradução e Localização de Jogos' encontrada. Duração em minutos: 102
[2025-10-05 22:41:46] [PALESTRA] DEBUG: User ID da sessão ('44096a97-a1f9-11f0-916e-bad1eb27008a') é válido e existe na tabela 'users'.
[2025-10-05 22:41:46] [PALESTRA] INFO: Novo log de acesso registrado para palestra 'S08E10 — Tradução e Localização de Jogos' (User ID: 44096a97-a1f9-11f0-916e-bad1eb27008a).
[2025-10-05 22:41:46] [PALESTRA] DEBUG: Progresso inicial carregado do DB (user_progress_seconds): 0
[2025-10-05 22:41:46] [PALESTRA] DEBUG: Palestras relacionadas buscadas para categoria 'Jogos'.
[2025-10-05 22:41:46] [PALESTRA] DEBUG: Verificação de certificado existente para exibição inicial. ID existente: Nenhum
[2025-10-05 22:41:46] [PALESTRA] DEBUG: Panda Player Div ID extraído do embed: 'panda-ef18a8ad-3437-4b0e-a567-dde8f08b064b'
[2025-10-05 22:42:45] [PALESTRA] DEBUG: Script palestra.php iniciado.
[2025-10-05 22:42:45] [PALESTRA] DEBUG: Usuário tem permissão.
[2025-10-05 22:42:45] [PALESTRA] DEBUG: ID da palestra recebido: 58727194-4915-4ec4-9016-2c8cd1d9ea7d
[2025-10-05 22:42:45] [PALESTRA] DEBUG: Palestra 'S08E01 — LinkedIn para Tradutores: O Caminho das Pedras (e os Tiros no Pé) — Karine Souto' encontrada. Duração em minutos: 74
[2025-10-05 22:42:45] [PALESTRA] DEBUG: User ID da sessão ('44096a97-a1f9-11f0-916e-bad1eb27008a') é válido e existe na tabela 'users'.
[2025-10-05 22:42:45] [PALESTRA] INFO: Novo log de acesso registrado para palestra 'S08E01 — LinkedIn para Tradutores: O Caminho das Pedras (e os Tiros no Pé) — Karine Souto' (User ID: 44096a97-a1f9-11f0-916e-bad1eb27008a).
[2025-10-05 22:42:45] [PALESTRA] DEBUG: Progresso inicial carregado do DB (user_progress_seconds): 0
[2025-10-05 22:42:45] [PALESTRA] DEBUG: Palestras relacionadas buscadas para categoria ''.
[2025-10-05 22:42:45] [PALESTRA] DEBUG: Verificação de certificado existente para exibição inicial. ID existente: Nenhum
[2025-10-05 22:42:45] [PALESTRA] DEBUG: Panda Player Div ID extraído do embed: 'panda-58727194-4915-4ec4-9016-2c8cd1d9ea7d'
[2025-10-05 22:59:40] [PALESTRA] DEBUG: Script palestra.php iniciado.
[2025-10-05 22:59:40] [PALESTRA] DEBUG: Usuário tem permissão.
[2025-10-05 22:59:40] [PALESTRA] DEBUG: ID da palestra recebido: 58727194-4915-4ec4-9016-2c8cd1d9ea7d
[2025-10-05 22:59:40] [PALESTRA] DEBUG: Palestra 'S08E01 — LinkedIn para Tradutores: O Caminho das Pedras (e os Tiros no Pé) — Karine Souto' encontrada. Duração em minutos: 74
[2025-10-05 22:59:40] [PALESTRA] DEBUG: User ID da sessão ('44096a97-a1f9-11f0-916e-bad1eb27008a') é válido e existe na tabela 'users'.
[2025-10-05 22:59:40] [PALESTRA] DEBUG: Log existente encontrado. Progresso: 1005s
[2025-10-05 22:59:40] [PALESTRA] DEBUG: Progresso inicial carregado do DB (user_progress_seconds): 1005
[2025-10-05 22:59:40] [PALESTRA] DEBUG: Palestras relacionadas buscadas para categoria ''.
[2025-10-05 22:59:40] [PALESTRA] DEBUG: Verificação de certificado existente para exibição inicial. ID existente: Nenhum
[2025-10-05 22:59:40] [PALESTRA] DEBUG: Panda Player Div ID extraído do embed: 'panda-58727194-4915-4ec4-9016-2c8cd1d9ea7d'
[2025-10-06 00:33:15] [PALESTRA] DEBUG: Script palestra.php iniciado.
[2025-10-06 00:33:15] [PALESTRA] DEBUG: Usuário tem permissão.
[2025-10-06 00:33:15] [PALESTRA] DEBUG: ID da palestra recebido: 04174e33-7754-4ef1-b161-125a635b7e24
[2025-10-06 00:33:15] [PALESTRA] DEBUG: Palestra 'S06E29 — Exemplos práticos de multiculturalismo na tradução de inglês e português — Stephan Hughes' encontrada. Duração em minutos: 73
[2025-10-06 00:33:15] [PALESTRA] DEBUG: User ID da sessão ('d6ad966b-9d81-11f0-916e-bad1eb27008a') é válido e existe na tabela 'users'.
[2025-10-06 00:33:15] [PALESTRA] INFO: Novo log de acesso registrado para palestra 'S06E29 — Exemplos práticos de multiculturalismo na tradução de inglês e português — Stephan Hughes' (User ID: d6ad966b-9d81-11f0-916e-bad1eb27008a).
[2025-10-06 00:33:15] [PALESTRA] DEBUG: Progresso inicial carregado do DB (user_progress_seconds): 0
[2025-10-06 00:33:15] [PALESTRA] DEBUG: Palestras relacionadas buscadas para categoria ''.
[2025-10-06 00:33:15] [PALESTRA] DEBUG: Verificação de certificado existente para exibição inicial. ID existente: Nenhum
[2025-10-06 00:33:15] [PALESTRA] DEBUG: Panda Player Div ID extraído do embed: 'panda-04174e33-7754-4ef1-b161-125a635b7e24'
[2025-10-06 01:45:09] [GENERATE_SIMPLE] Script generate_simple_certificate.php iniciado
[2025-10-06 01:45:09] [GENERATE_SIMPLE] Dados recebidos - Lecture: 58727194-4915-4ec4-9016-2c8cd1d9ea7d, User: 44096a97-a1f9-11f0-916e-bad1eb27008a, Watched: 4440s
[2025-10-06 01:45:09] [GENERATE_SIMPLE] Iniciando validações simplificadas
[2025-10-06 01:45:09] [GENERATE_SIMPLE] Progresso no DB: 10921s, Enviado pelo cliente: 4440s
[2025-10-06 01:45:09] [GENERATE_SIMPLE] Tempo final considerado: 10921s
[2025-10-06 01:45:09] [GENERATE_SIMPLE] Duração total: 4440s, Requerido (85%): 3774s
[2025-10-06 01:45:09] [GENERATE_SIMPLE] Todas as validações passaram - gerando certificado
[2025-10-06 01:45:09] [GENERATE_SIMPLE] SUCESSO: Certificado inserido no banco - ID: af754c44-017d-4220-9a86-51a6799e20a0
[2025-10-06 01:45:09] [GENERATE_SIMPLE] DEBUG: [GENERATE_SIMPLE] Iniciando geração de PNG para ID: af754c44-017d-4220-9a86-51a6799e20a0
[2025-10-06 01:45:09] [GENERATE_SIMPLE] DEBUG: [GENERATE_SIMPLE] Conversão UTF-8 aplicada para geração.
[2025-10-06 01:45:09] [GENERATE_SIMPLE] DEBUG: [GENERATE_SIMPLE] Dimensões do template: Largura=3509, Altura=2481
[2025-10-06 01:45:09] [GENERATE_SIMPLE] DEBUG: [GENERATE_SIMPLE] Procurando fontes TTF para geração...
[2025-10-06 01:45:09] [GENERATE_SIMPLE] DEBUG: [GENERATE_SIMPLE] Fonte TTF Bold encontrada em: /home/u335416710/domains/translators101.com/public_html/v/includes/../fonts/DejaVuSans-Bold.ttf
[2025-10-06 01:45:09] [GENERATE_SIMPLE] DEBUG: [GENERATE_SIMPLE] Fonte TTF padrão encontrada em: /home/u335416710/domains/translators101.com/public_html/v/includes/../fonts/DejaVuSans-Bold.ttf
[2025-10-06 01:45:09] [GENERATE_SIMPLE] DEBUG: [GENERATE_SIMPLE] Usando imagettftext para geração.
[2025-10-06 01:45:09] [GENERATE_SIMPLE] DEBUG: [GENERATE_SIMPLE] Nome do usuário adicionado (X: 1191.5, Y: 1100).
[2025-10-06 01:45:09] [GENERATE_SIMPLE] DEBUG: [GENERATE_SIMPLE] Processando título: 'S08E01 — LinkedIn para Tradutores: O Caminho das Pedras (e os Tiros no Pé) — Karine Souto' (tamanho: 94 caracteres)
[2025-10-06 01:45:09] [GENERATE_SIMPLE] DEBUG: [GENERATE_SIMPLE] Título longo detectado - aplicando quebra de linha inteligente
[2025-10-06 01:45:09] [GENERATE_SIMPLE] DEBUG: [GENERATE_SIMPLE] Linha 1: 'S08E01 — LinkedIn para Tradutores: O Caminho das'
[2025-10-06 01:45:09] [GENERATE_SIMPLE] DEBUG: [GENERATE_SIMPLE] Linha 2: 'Pedras (e os Tiros no Pé) — Karine Souto'
[2025-10-06 01:45:09] [GENERATE_SIMPLE] DEBUG: [GENERATE_SIMPLE] Linha 1 adicionada (X: 784.5, Y: 1350)
[2025-10-06 01:45:09] [GENERATE_SIMPLE] DEBUG: [GENERATE_SIMPLE] Linha 2 adicionada (X: 989, Y: 1410)
[2025-10-06 01:45:09] [GENERATE_SIMPLE] DEBUG: [GENERATE_SIMPLE] Duração da palestra adicionada (X: 2000, Y: 1570).
[2025-10-06 01:45:09] [GENERATE_SIMPLE] DEBUG: [GENERATE_SIMPLE] Data de emissão adicionada (X: 850, Y: 2330).
[2025-10-06 01:45:09] [GENERATE_SIMPLE] DEBUG: [GENERATE_SIMPLE] ID do certificado adicionado (X: 280, Y: 2430).
[2025-10-06 01:45:09] [GENERATE_SIMPLE] DEBUG: URL de verificação gerada: https://v.translators101.com/verificar_certificado.php?id=af754c44-017d-4220-9a86-51a6799e20a0
[2025-10-06 01:45:10] [GENERATE_SIMPLE] DEBUG: QR Code colado na imagem base.
[2025-10-06 01:45:10] [GENERATE_SIMPLE] DEBUG: [GENERATE_SIMPLE] QR Code adicionado à imagem durante a geração (X: 2989, Y: 2131, Tamanho: 300).
[2025-10-06 01:45:14] [GENERATE_SIMPLE] DEBUG: [GENERATE_SIMPLE] imagepng() retornou SUCESSO. Verificando se o arquivo gerado é um PNG válido.
[2025-10-06 01:45:14] [GENERATE_SIMPLE] INFO: [GENERATE_SIMPLE] Certificado PNG gerado e salvo com sucesso em: /home/u335416710/domains/translators101.com/public_html/v/includes/../certificates/certificate_af754c44-017d-4220-9a86-51a6799e20a0.png. É um PNG válido.
[2025-10-06 01:45:14] [GENERATE_SIMPLE] SUCESSO: PNG gerado - /home/u335416710/domains/translators101.com/public_html/v/includes/../certificates/certificate_af754c44-017d-4220-9a86-51a6799e20a0.png
[2025-10-06 01:45:14] [GENERATE_SIMPLE] DEBUG: [GENERATE_SIMPLE] Iniciando geração de PDF T101 CORRIGIDO para ID: af754c44-017d-4220-9a86-51a6799e20a0
[2025-10-06 01:45:14] [GENERATE_SIMPLE] DEBUG: [GENERATE_SIMPLE] TCPDF encontrado em: /home/u335416710/domains/translators101.com/public_html/v/includes/../vendor/tecnickcom/tcpdf/tcpdf.php
[2025-10-06 01:45:16] [GENERATE_SIMPLE] DEBUG: [GENERATE_SIMPLE] Template T101 oficial aplicado como fundo
[2025-10-06 01:45:16] [GENERATE_SIMPLE] DEBUG: URL de verificação gerada: https://v.translators101.com/verificar_certificado.php?id=af754c44-017d-4220-9a86-51a6799e20a0
[2025-10-06 01:45:17] [GENERATE_SIMPLE] DEBUG: [GENERATE_SIMPLE] QR Code T101 adicionado ao PDF (posição corrigida)
[2025-10-06 01:45:17] [GENERATE_SIMPLE] SUCESSO: [GENERATE_SIMPLE] PDF T101 CORRIGIDO gerado em: /home/u335416710/domains/translators101.com/public_html/v/includes/../certificates/certificate_af754c44-017d-4220-9a86-51a6799e20a0.pdf
[2025-10-06 01:45:17] [GENERATE_SIMPLE] SUCESSO: PDF gerado - /home/u335416710/domains/translators101.com/public_html/v/includes/../certificates/certificate_af754c44-017d-4220-9a86-51a6799e20a0.pdf
[2025-10-06 01:45:17] [GENERATE_SIMPLE] SUCESSO: Certificado gerado - ID: af754c44-017d-4220-9a86-51a6799e20a0, PNG: SIM, PDF: SIM, Assistido: 10921s de 4440s (246%)
[2025-10-06 02:03:12] [PALESTRA] DEBUG: Script palestra.php iniciado.
[2025-10-06 02:03:12] [PALESTRA] DEBUG: Usuário tem permissão.
[2025-10-06 02:03:12] [PALESTRA] DEBUG: ID da palestra recebido: 6c754675-0b81-42aa-b59b-4243fcf0dbe1
[2025-10-06 02:03:12] [PALESTRA] DEBUG: Palestra 'S03E12 — CAT Tools e Machine Translations: discutindo a relação — Jorge Davidson' encontrada. Duração em minutos: 123
[2025-10-06 02:03:12] [PALESTRA] DEBUG: User ID da sessão ('44096a97-a1f9-11f0-916e-bad1eb27008a') é válido e existe na tabela 'users'.
[2025-10-06 02:03:12] [PALESTRA] INFO: Novo log de acesso registrado para palestra 'S03E12 — CAT Tools e Machine Translations: discutindo a relação — Jorge Davidson' (User ID: 44096a97-a1f9-11f0-916e-bad1eb27008a).
[2025-10-06 02:03:12] [PALESTRA] DEBUG: Progresso inicial carregado do DB (user_progress_seconds): 0
[2025-10-06 02:03:12] [PALESTRA] DEBUG: Palestras relacionadas buscadas para categoria ''.
[2025-10-06 02:03:12] [PALESTRA] DEBUG: Verificação de certificado existente para exibição inicial. ID existente: Nenhum
[2025-10-06 02:03:12] [PALESTRA] DEBUG: Panda Player Div ID extraído do embed: 'panda-6c754675-0b81-42aa-b59b-4243fcf0dbe1'
[2025-10-05 23:10:28] [DOWNLOAD] DEBUG: Script download_certificate_files.php iniciado.
[2025-10-05 23:10:28] [DOWNLOAD] DEBUG: ID do certificado recebido: af754c44-017d-4220-9a86-51a6799e20a0, formato solicitado: png
[2025-10-05 23:10:28] [DOWNLOAD] DEBUG: Dados do certificado encontrados no banco de dados.
[2025-10-05 23:10:28] [DOWNLOAD] DEBUG: Arquivo PNG encontrado: /home/u335416710/domains/translators101.com/public_html/v/certificates/certificate_af754c44-017d-4220-9a86-51a6799e20a0.png
[2025-10-05 23:10:28] [DOWNLOAD] DEBUG: Preparando download final: Certificado_Matheus_Scaglione_2025-10-05.png (Tipo: image/png) - Arquivo: /home/u335416710/domains/translators101.com/public_html/v/certificates/certificate_af754c44-017d-4220-9a86-51a6799e20a0.png
[2025-10-05 23:10:28] [DOWNLOAD] INFO: Arquivo Certificado_Matheus_Scaglione_2025-10-05.png enviado para download com sucesso.
[2025-10-06 03:05:45] [PALESTRA] DEBUG: Script palestra.php iniciado.
[2025-10-06 03:05:45] [PALESTRA] DEBUG: Usuário tem permissão.
[2025-10-06 03:05:45] [PALESTRA] DEBUG: ID da palestra recebido: 13afe406-8660-4f02-a7a4-f3e0d1749833
[2025-10-06 03:05:45] [PALESTRA] DEBUG: Palestra 'S01E01 — Tradução de histórias em quadrinhos e o mercado mainstream no Brasil' encontrada. Duração em minutos: 48
[2025-10-06 03:05:45] [PALESTRA] DEBUG: User ID da sessão ('44096a97-a1f9-11f0-916e-bad1eb27008a') é válido e existe na tabela 'users'.
[2025-10-06 03:05:45] [PALESTRA] INFO: Novo log de acesso registrado para palestra 'S01E01 — Tradução de histórias em quadrinhos e o mercado mainstream no Brasil' (User ID: 44096a97-a1f9-11f0-916e-bad1eb27008a).
[2025-10-06 03:05:45] [PALESTRA] DEBUG: Progresso inicial carregado do DB (user_progress_seconds): 0
[2025-10-06 03:05:45] [PALESTRA] DEBUG: Palestras relacionadas buscadas para categoria 'Literária'.
[2025-10-06 03:05:45] [PALESTRA] DEBUG: Verificação de certificado existente para exibição inicial. ID existente: Nenhum
[2025-10-06 03:05:45] [PALESTRA] DEBUG: Panda Player Div ID extraído do embed: 'panda-13afe406-8660-4f02-a7a4-f3e0d1749833'
[2025-10-06 13:34:14] [GENERATE_SIMPLE] Script generate_simple_certificate.php iniciado
[2025-10-06 13:34:14] [GENERATE_SIMPLE] Dados recebidos - Lecture: 13afe406-8660-4f02-a7a4-f3e0d1749833, User: 44096a97-a1f9-11f0-916e-bad1eb27008a, Watched: 2880s
[2025-10-06 13:34:14] [GENERATE_SIMPLE] Iniciando validações simplificadas
[2025-10-06 13:34:14] [GENERATE_SIMPLE] Progresso no DB: 37697s, Enviado pelo cliente: 2880s
[2025-10-06 13:34:14] [GENERATE_SIMPLE] Tempo final considerado: 37697s
[2025-10-06 13:34:14] [GENERATE_SIMPLE] Duração total: 2880s, Requerido (85%): 2448s
[2025-10-06 13:34:14] [GENERATE_SIMPLE] Todas as validações passaram - gerando certificado
[2025-10-06 13:34:14] [GENERATE_SIMPLE] SUCESSO: Certificado inserido no banco - ID: 8f0796bc-2840-461d-b547-40cf202f3f27
[2025-10-06 13:34:14] [GENERATE_SIMPLE] DEBUG: [GENERATE_SIMPLE] Iniciando geração de PNG para ID: 8f0796bc-2840-461d-b547-40cf202f3f27
[2025-10-06 13:34:14] [GENERATE_SIMPLE] DEBUG: [GENERATE_SIMPLE] Conversão UTF-8 aplicada para geração.
[2025-10-06 13:34:14] [GENERATE_SIMPLE] DEBUG: [GENERATE_SIMPLE] Dimensões do template: Largura=3509, Altura=2481
[2025-10-06 13:34:14] [GENERATE_SIMPLE] DEBUG: [GENERATE_SIMPLE] Procurando fontes TTF para geração...
[2025-10-06 13:34:14] [GENERATE_SIMPLE] DEBUG: [GENERATE_SIMPLE] Fonte TTF Bold encontrada em: /home/u335416710/domains/translators101.com/public_html/v/includes/../fonts/DejaVuSans-Bold.ttf
[2025-10-06 13:34:14] [GENERATE_SIMPLE] DEBUG: [GENERATE_SIMPLE] Fonte TTF padrão encontrada em: /home/u335416710/domains/translators101.com/public_html/v/includes/../fonts/DejaVuSans-Bold.ttf
[2025-10-06 13:34:14] [GENERATE_SIMPLE] DEBUG: [GENERATE_SIMPLE] Usando imagettftext para geração.
[2025-10-06 13:34:14] [GENERATE_SIMPLE] DEBUG: [GENERATE_SIMPLE] Nome do usuário adicionado (X: 1191.5, Y: 1100).
[2025-10-06 13:34:14] [GENERATE_SIMPLE] DEBUG: [GENERATE_SIMPLE] Processando título: 'S01E01 — Tradução de histórias em quadrinhos e o mercado mainstream no Brasil' (tamanho: 82 caracteres)
[2025-10-06 13:34:14] [GENERATE_SIMPLE] DEBUG: [GENERATE_SIMPLE] Título longo detectado - aplicando quebra de linha inteligente
[2025-10-06 13:34:14] [GENERATE_SIMPLE] DEBUG: [GENERATE_SIMPLE] Linha 1: 'S01E01 — Tradução de histórias em quadrinhos e o'
[2025-10-06 13:34:14] [GENERATE_SIMPLE] DEBUG: [GENERATE_SIMPLE] Linha 2: 'mercado mainstream no Brasil'
[2025-10-06 13:34:14] [GENERATE_SIMPLE] DEBUG: [GENERATE_SIMPLE] Linha 1 adicionada (X: 797, Y: 1350)
[2025-10-06 13:34:14] [GENERATE_SIMPLE] DEBUG: [GENERATE_SIMPLE] Linha 2 adicionada (X: 1182.5, Y: 1410)
[2025-10-06 13:34:14] [GENERATE_SIMPLE] DEBUG: [GENERATE_SIMPLE] Duração da palestra adicionada (X: 2000, Y: 1570).
[2025-10-06 13:34:14] [GENERATE_SIMPLE] DEBUG: [GENERATE_SIMPLE] Data de emissão adicionada (X: 850, Y: 2330).
[2025-10-06 13:34:14] [GENERATE_SIMPLE] DEBUG: [GENERATE_SIMPLE] ID do certificado adicionado (X: 280, Y: 2430).
[2025-10-06 13:34:14] [GENERATE_SIMPLE] DEBUG: URL de verificação gerada: https://v.translators101.com/verificar_certificado.php?id=8f0796bc-2840-461d-b547-40cf202f3f27
[2025-10-06 13:34:15] [GENERATE_SIMPLE] DEBUG: QR Code colado na imagem base.
[2025-10-06 13:34:15] [GENERATE_SIMPLE] DEBUG: [GENERATE_SIMPLE] QR Code adicionado à imagem durante a geração (X: 2989, Y: 2131, Tamanho: 300).
[2025-10-06 13:34:18] [GENERATE_SIMPLE] DEBUG: [GENERATE_SIMPLE] imagepng() retornou SUCESSO. Verificando se o arquivo gerado é um PNG válido.
[2025-10-06 13:34:18] [GENERATE_SIMPLE] INFO: [GENERATE_SIMPLE] Certificado PNG gerado e salvo com sucesso em: /home/u335416710/domains/translators101.com/public_html/v/includes/../certificates/certificate_8f0796bc-2840-461d-b547-40cf202f3f27.png. É um PNG válido.
[2025-10-06 13:34:18] [GENERATE_SIMPLE] SUCESSO: PNG gerado - /home/u335416710/domains/translators101.com/public_html/v/includes/../certificates/certificate_8f0796bc-2840-461d-b547-40cf202f3f27.png
[2025-10-06 13:34:18] [GENERATE_SIMPLE] DEBUG: [GENERATE_SIMPLE] Iniciando geração de PDF T101 CORRIGIDO para ID: 8f0796bc-2840-461d-b547-40cf202f3f27
[2025-10-06 13:34:18] [GENERATE_SIMPLE] DEBUG: [GENERATE_SIMPLE] TCPDF encontrado em: /home/u335416710/domains/translators101.com/public_html/v/includes/../vendor/tecnickcom/tcpdf/tcpdf.php
[2025-10-06 13:34:21] [GENERATE_SIMPLE] DEBUG: [GENERATE_SIMPLE] Template T101 oficial aplicado como fundo
[2025-10-06 13:34:21] [GENERATE_SIMPLE] DEBUG: URL de verificação gerada: https://v.translators101.com/verificar_certificado.php?id=8f0796bc-2840-461d-b547-40cf202f3f27
[2025-10-06 13:34:22] [GENERATE_SIMPLE] DEBUG: [GENERATE_SIMPLE] QR Code T101 adicionado ao PDF (posição corrigida)
[2025-10-06 13:34:22] [GENERATE_SIMPLE] SUCESSO: [GENERATE_SIMPLE] PDF T101 CORRIGIDO gerado em: /home/u335416710/domains/translators101.com/public_html/v/includes/../certificates/certificate_8f0796bc-2840-461d-b547-40cf202f3f27.pdf
[2025-10-06 13:34:22] [GENERATE_SIMPLE] SUCESSO: PDF gerado - /home/u335416710/domains/translators101.com/public_html/v/includes/../certificates/certificate_8f0796bc-2840-461d-b547-40cf202f3f27.pdf
[2025-10-06 13:34:22] [GENERATE_SIMPLE] SUCESSO: Certificado gerado - ID: 8f0796bc-2840-461d-b547-40cf202f3f27, PNG: SIM, PDF: SIM, Assistido: 37697s de 2880s (1308.9%)
[2025-10-06 10:35:35] [DOWNLOAD] DEBUG: Script download_certificate_files.php iniciado.
[2025-10-06 10:35:35] [DOWNLOAD] DEBUG: ID do certificado recebido: 8f0796bc-2840-461d-b547-40cf202f3f27, formato solicitado: png
[2025-10-06 10:35:35] [DOWNLOAD] DEBUG: Dados do certificado encontrados no banco de dados.
[2025-10-06 10:35:35] [DOWNLOAD] DEBUG: Arquivo PNG encontrado: /home/u335416710/domains/translators101.com/public_html/v/certificates/certificate_8f0796bc-2840-461d-b547-40cf202f3f27.png
[2025-10-06 10:35:35] [DOWNLOAD] DEBUG: Preparando download final: Certificado_Matheus_Scaglione_2025-10-06.png (Tipo: image/png) - Arquivo: /home/u335416710/domains/translators101.com/public_html/v/certificates/certificate_8f0796bc-2840-461d-b547-40cf202f3f27.png
[2025-10-06 10:35:35] [DOWNLOAD] INFO: Arquivo Certificado_Matheus_Scaglione_2025-10-06.png enviado para download com sucesso.
[2025-10-06 13:47:05] [PALESTRA] DEBUG: Script palestra.php iniciado.
[2025-10-06 13:47:05] [PALESTRA] DEBUG: Usuário tem permissão.
[2025-10-06 13:47:05] [PALESTRA] DEBUG: ID da palestra recebido: c7360948-937a-42fd-962b-e0a79e72abe6
[2025-10-06 13:47:05] [PALESTRA] DEBUG: Palestra 'S03E44 — Traduzir RPG é sempre um desafio — Jana Bianchi' encontrada. Duração em minutos: 118
[2025-10-06 13:47:05] [PALESTRA] DEBUG: User ID da sessão ('44096a97-a1f9-11f0-916e-bad1eb27008a') é válido e existe na tabela 'users'.
[2025-10-06 13:47:05] [PALESTRA] INFO: Novo log de acesso registrado para palestra 'S03E44 — Traduzir RPG é sempre um desafio — Jana Bianchi' (User ID: 44096a97-a1f9-11f0-916e-bad1eb27008a).
[2025-10-06 13:47:05] [PALESTRA] DEBUG: Progresso inicial carregado do DB (user_progress_seconds): 0
[2025-10-06 13:47:05] [PALESTRA] DEBUG: Palestras relacionadas buscadas para categoria ''.
[2025-10-06 13:47:05] [PALESTRA] DEBUG: Verificação de certificado existente para exibição inicial. ID existente: Nenhum
[2025-10-06 13:47:05] [PALESTRA] DEBUG: Panda Player Div ID extraído do embed: 'panda-c7360948-937a-42fd-962b-e0a79e72abe6'
[2025-10-06 21:03:54] [PALESTRA] DEBUG: Script palestra.php iniciado.
[2025-10-06 21:03:54] [PALESTRA] DEBUG: Usuário tem permissão.
[2025-10-06 21:03:54] [PALESTRA] DEBUG: ID da palestra recebido: 1db48161-a1fb-11f0-916e-bad1eb27008a
[2025-10-06 21:03:54] [PALESTRA] DEBUG: Palestra 'S08E31 — Tradução de rimas em jogos' encontrada. Duração em minutos: 99
[2025-10-06 21:03:54] [PALESTRA] DEBUG: User ID da sessão ('630d1ae7-22dc-439b-8ff7-1c602c0f0ce3') é válido e existe na tabela 'users'.
[2025-10-06 21:03:54] [PALESTRA] INFO: Novo log de acesso registrado para palestra 'S08E31 — Tradução de rimas em jogos' (User ID: 630d1ae7-22dc-439b-8ff7-1c602c0f0ce3).
[2025-10-06 21:03:54] [PALESTRA] DEBUG: Progresso inicial carregado do DB (user_progress_seconds): 0
[2025-10-06 21:03:54] [PALESTRA] DEBUG: Palestras relacionadas buscadas para categoria 'Literária'.
[2025-10-06 21:03:54] [PALESTRA] DEBUG: Verificação de certificado existente para exibição inicial. ID existente: Nenhum
[2025-10-06 21:03:54] [PALESTRA] DEBUG: Panda Player Div ID extraído do embed: 'panda-d982f426-c60f-45ce-9ee1-41b5b824e2df'
[2025-10-06 21:32:21] [PALESTRA] DEBUG: Script palestra.php iniciado.
[2025-10-06 21:32:21] [PALESTRA] DEBUG: Usuário tem permissão.
[2025-10-06 21:32:21] [PALESTRA] DEBUG: ID da palestra recebido: 1db48161-a1fb-11f0-916e-bad1eb27008a
[2025-10-06 21:32:21] [PALESTRA] DEBUG: Palestra 'S08E31 — Tradução de rimas em jogos' encontrada. Duração em minutos: 99
[2025-10-06 21:32:21] [PALESTRA] DEBUG: User ID da sessão ('65fe6046-ea18-4875-9dbc-0d262305c419') é válido e existe na tabela 'users'.
[2025-10-06 21:32:21] [PALESTRA] INFO: Novo log de acesso registrado para palestra 'S08E31 — Tradução de rimas em jogos' (User ID: 65fe6046-ea18-4875-9dbc-0d262305c419).
[2025-10-06 21:32:21] [PALESTRA] DEBUG: Progresso inicial carregado do DB (user_progress_seconds): 0
[2025-10-06 21:32:21] [PALESTRA] DEBUG: Palestras relacionadas buscadas para categoria 'Literária'.
[2025-10-06 21:32:21] [PALESTRA] DEBUG: Verificação de certificado existente para exibição inicial. ID existente: Nenhum
[2025-10-06 21:32:21] [PALESTRA] DEBUG: Panda Player Div ID extraído do embed: 'panda-d982f426-c60f-45ce-9ee1-41b5b824e2df'
[2025-10-06 22:50:37] [PALESTRA] DEBUG: Script palestra.php iniciado.
[2025-10-06 22:50:37] [PALESTRA] DEBUG: Usuário tem permissão.
[2025-10-06 22:50:37] [PALESTRA] DEBUG: ID da palestra recebido: bf2d9642-af5e-4d6d-823d-bc5b33d1fa96
[2025-10-06 22:50:37] [PALESTRA] DEBUG: Palestra 'S02E01 — Primeiros passos na tradução literária — Cláudia Mello Belhassof' encontrada. Duração em minutos: 98
[2025-10-06 22:50:37] [PALESTRA] DEBUG: User ID da sessão ('945a97b5-bad5-42e4-81ea-390f85b9eac9') é válido e existe na tabela 'users'.
[2025-10-06 22:50:37] [PALESTRA] DEBUG: Log existente encontrado. Progresso: 7s
[2025-10-06 22:50:37] [PALESTRA] DEBUG: Progresso inicial carregado do DB (user_progress_seconds): 7
[2025-10-06 22:50:37] [PALESTRA] DEBUG: Palestras relacionadas buscadas para categoria ''.
[2025-10-06 22:50:37] [PALESTRA] DEBUG: Verificação de certificado existente para exibição inicial. ID existente: Nenhum
[2025-10-06 22:50:37] [PALESTRA] DEBUG: Panda Player Div ID extraído do embed: 'panda-bf2d9642-af5e-4d6d-823d-bc5b33d1fa96'
[2025-10-06 23:36:20] [PALESTRA] DEBUG: Script palestra.php iniciado.
[2025-10-06 23:36:20] [PALESTRA] DEBUG: Usuário tem permissão.
[2025-10-06 23:36:20] [PALESTRA] DEBUG: ID da palestra recebido: c7360948-937a-42fd-962b-e0a79e72abe6
[2025-10-06 23:36:20] [PALESTRA] DEBUG: Palestra 'S03E44 — Traduzir RPG é sempre um desafio — Jana Bianchi' encontrada. Duração em minutos: 118
[2025-10-06 23:36:20] [PALESTRA] DEBUG: User ID da sessão ('44096a97-a1f9-11f0-916e-bad1eb27008a') é válido e existe na tabela 'users'.
[2025-10-06 23:36:20] [PALESTRA] DEBUG: Log existente encontrado. Progresso: 34996s
[2025-10-06 23:36:20] [PALESTRA] DEBUG: Progresso inicial carregado do DB (user_progress_seconds): 34996
[2025-10-06 23:36:20] [PALESTRA] DEBUG: Palestras relacionadas buscadas para categoria ''.
[2025-10-06 23:36:20] [PALESTRA] DEBUG: Verificação de certificado existente para exibição inicial. ID existente: Nenhum
[2025-10-06 23:36:20] [PALESTRA] DEBUG: Panda Player Div ID extraído do embed: 'panda-c7360948-937a-42fd-962b-e0a79e72abe6'
[2025-10-07 00:21:08] [GENERATE_SIMPLE] Script generate_simple_certificate.php iniciado
[2025-10-07 00:21:08] [GENERATE_SIMPLE] Dados recebidos - Lecture: bf2d9642-af5e-4d6d-823d-bc5b33d1fa96, User: 945a97b5-bad5-42e4-81ea-390f85b9eac9, Watched: 5433s
[2025-10-07 00:21:08] [GENERATE_SIMPLE] Iniciando validações simplificadas
[2025-10-07 00:21:08] [GENERATE_SIMPLE] Progresso no DB: 5432s, Enviado pelo cliente: 5433s
[2025-10-07 00:21:08] [GENERATE_SIMPLE] Tempo final considerado: 5433s
[2025-10-07 00:21:08] [GENERATE_SIMPLE] Duração total: 5880s, Requerido (85%): 4998s
[2025-10-07 00:21:08] [GENERATE_SIMPLE] Todas as validações passaram - gerando certificado
[2025-10-07 00:21:08] [GENERATE_SIMPLE] SUCESSO: Certificado inserido no banco - ID: 71e0560a-6174-4f37-abee-86bbf9061393
[2025-10-07 00:21:08] [GENERATE_SIMPLE] DEBUG: [GENERATE_SIMPLE] Iniciando geração de PNG para ID: 71e0560a-6174-4f37-abee-86bbf9061393
[2025-10-07 00:21:08] [GENERATE_SIMPLE] DEBUG: [GENERATE_SIMPLE] Conversão UTF-8 aplicada para geração.
[2025-10-07 00:21:08] [GENERATE_SIMPLE] DEBUG: [GENERATE_SIMPLE] Dimensões do template: Largura=3509, Altura=2481
[2025-10-07 00:21:08] [GENERATE_SIMPLE] DEBUG: [GENERATE_SIMPLE] Procurando fontes TTF para geração...
[2025-10-07 00:21:08] [GENERATE_SIMPLE] DEBUG: [GENERATE_SIMPLE] Fonte TTF Bold encontrada em: /home/u335416710/domains/translators101.com/public_html/v/includes/../fonts/DejaVuSans-Bold.ttf
[2025-10-07 00:21:08] [GENERATE_SIMPLE] DEBUG: [GENERATE_SIMPLE] Fonte TTF padrão encontrada em: /home/u335416710/domains/translators101.com/public_html/v/includes/../fonts/DejaVuSans-Bold.ttf
[2025-10-07 00:21:08] [GENERATE_SIMPLE] DEBUG: [GENERATE_SIMPLE] Usando imagettftext para geração.
[2025-10-07 00:21:08] [GENERATE_SIMPLE] DEBUG: [GENERATE_SIMPLE] Nome do usuário adicionado (X: 257, Y: 1100).
[2025-10-07 00:21:08] [GENERATE_SIMPLE] DEBUG: [GENERATE_SIMPLE] Processando título: 'S02E01 — Primeiros passos na tradução literária — Cláudia Mello Belhassof' (tamanho: 81 caracteres)
[2025-10-07 00:21:08] [GENERATE_SIMPLE] DEBUG: [GENERATE_SIMPLE] Título longo detectado - aplicando quebra de linha inteligente
[2025-10-07 00:21:08] [GENERATE_SIMPLE] DEBUG: [GENERATE_SIMPLE] Linha 1: 'S02E01 — Primeiros passos na tradução literária'
[2025-10-07 00:21:08] [GENERATE_SIMPLE] DEBUG: [GENERATE_SIMPLE] Linha 2: '— Cláudia Mello Belhassof'
[2025-10-07 00:21:08] [GENERATE_SIMPLE] DEBUG: [GENERATE_SIMPLE] Linha 1 adicionada (X: 842.5, Y: 1350)
[2025-10-07 00:21:08] [GENERATE_SIMPLE] DEBUG: [GENERATE_SIMPLE] Linha 2 adicionada (X: 1265, Y: 1410)
[2025-10-07 00:21:08] [GENERATE_SIMPLE] DEBUG: [GENERATE_SIMPLE] Duração da palestra adicionada (X: 2000, Y: 1570).
[2025-10-07 00:21:08] [GENERATE_SIMPLE] DEBUG: [GENERATE_SIMPLE] Data de emissão adicionada (X: 850, Y: 2330).
[2025-10-07 00:21:08] [GENERATE_SIMPLE] DEBUG: [GENERATE_SIMPLE] ID do certificado adicionado (X: 280, Y: 2430).
[2025-10-07 00:21:08] [GENERATE_SIMPLE] DEBUG: URL de verificação gerada: https://v.translators101.com/verificar_certificado.php?id=71e0560a-6174-4f37-abee-86bbf9061393
[2025-10-07 00:21:09] [GENERATE_SIMPLE] DEBUG: QR Code colado na imagem base.
[2025-10-07 00:21:09] [GENERATE_SIMPLE] DEBUG: [GENERATE_SIMPLE] QR Code adicionado à imagem durante a geração (X: 2989, Y: 2131, Tamanho: 300).
[2025-10-07 00:21:12] [GENERATE_SIMPLE] DEBUG: [GENERATE_SIMPLE] imagepng() retornou SUCESSO. Verificando se o arquivo gerado é um PNG válido.
[2025-10-07 00:21:12] [GENERATE_SIMPLE] INFO: [GENERATE_SIMPLE] Certificado PNG gerado e salvo com sucesso em: /home/u335416710/domains/translators101.com/public_html/v/includes/../certificates/certificate_71e0560a-6174-4f37-abee-86bbf9061393.png. É um PNG válido.
[2025-10-07 00:21:12] [GENERATE_SIMPLE] SUCESSO: PNG gerado - /home/u335416710/domains/translators101.com/public_html/v/includes/../certificates/certificate_71e0560a-6174-4f37-abee-86bbf9061393.png
[2025-10-07 00:21:12] [GENERATE_SIMPLE] DEBUG: [GENERATE_SIMPLE] Iniciando geração de PDF T101 CORRIGIDO para ID: 71e0560a-6174-4f37-abee-86bbf9061393
[2025-10-07 00:21:12] [GENERATE_SIMPLE] DEBUG: [GENERATE_SIMPLE] TCPDF encontrado em: /home/u335416710/domains/translators101.com/public_html/v/includes/../vendor/tecnickcom/tcpdf/tcpdf.php
[2025-10-07 00:21:15] [GENERATE_SIMPLE] DEBUG: [GENERATE_SIMPLE] Template T101 oficial aplicado como fundo
[2025-10-07 00:21:15] [GENERATE_SIMPLE] DEBUG: URL de verificação gerada: https://v.translators101.com/verificar_certificado.php?id=71e0560a-6174-4f37-abee-86bbf9061393
[2025-10-07 00:21:16] [GENERATE_SIMPLE] DEBUG: [GENERATE_SIMPLE] QR Code T101 adicionado ao PDF (posição corrigida)
[2025-10-07 00:21:16] [GENERATE_SIMPLE] SUCESSO: [GENERATE_SIMPLE] PDF T101 CORRIGIDO gerado em: /home/u335416710/domains/translators101.com/public_html/v/includes/../certificates/certificate_71e0560a-6174-4f37-abee-86bbf9061393.pdf
[2025-10-07 00:21:16] [GENERATE_SIMPLE] SUCESSO: PDF gerado - /home/u335416710/domains/translators101.com/public_html/v/includes/../certificates/certificate_71e0560a-6174-4f37-abee-86bbf9061393.pdf
[2025-10-07 00:21:16] [GENERATE_SIMPLE] SUCESSO: Certificado gerado - ID: 71e0560a-6174-4f37-abee-86bbf9061393, PNG: SIM, PDF: SIM, Assistido: 5433s de 5880s (92.4%)
[2025-10-07 17:08:08] [PALESTRA] DEBUG: Script palestra.php iniciado.
[2025-10-07 17:08:08] [PALESTRA] DEBUG: Usuário tem permissão.
[2025-10-07 17:08:08] [PALESTRA] DEBUG: ID da palestra recebido: d4190580-2833-4b9f-9468-76e99051829c
[2025-10-07 17:08:08] [PALESTRA] DEBUG: Palestra 'Especial #ITD 2020 — T101 explica Xbench' encontrada. Duração em minutos: 61
[2025-10-07 17:08:08] [PALESTRA] DEBUG: User ID da sessão ('debug-user') é válido e existe na tabela 'users'.
[2025-10-07 17:08:08] [PALESTRA] INFO: Novo log de acesso registrado para palestra 'Especial #ITD 2020 — T101 explica Xbench' (User ID: debug-user).
[2025-10-07 17:08:08] [PALESTRA] DEBUG: Progresso inicial carregado do DB (user_progress_seconds): 0
[2025-10-07 17:08:08] [PALESTRA] DEBUG: Palestras relacionadas buscadas para categoria ''.
[2025-10-07 17:08:08] [PALESTRA] DEBUG: Verificação de certificado existente para exibição inicial. ID existente: Nenhum
[2025-10-07 17:08:08] [PALESTRA] DEBUG: Panda Player Div ID extraído do embed: 'panda-d4190580-2833-4b9f-9468-76e99051829c'
[2025-10-07 18:15:54] [PALESTRA] DEBUG: Script palestra.php iniciado.
[2025-10-07 18:15:54] [PALESTRA] DEBUG: Usuário tem permissão.
[2025-10-07 18:15:54] [PALESTRA] DEBUG: ID da palestra recebido: 1db48161-a1fb-11f0-916e-bad1eb27008a
[2025-10-07 18:15:54] [PALESTRA] DEBUG: Palestra 'S08E31 — Tradução de rimas em jogos' encontrada. Duração em minutos: 99
[2025-10-07 18:15:54] [PALESTRA] DEBUG: User ID da sessão ('630d1ae7-22dc-439b-8ff7-1c602c0f0ce3') é válido e existe na tabela 'users'.
[2025-10-07 18:15:54] [PALESTRA] DEBUG: Log existente encontrado. Progresso: 1725s
[2025-10-07 18:15:54] [PALESTRA] DEBUG: Progresso inicial carregado do DB (user_progress_seconds): 1725
[2025-10-07 18:15:54] [PALESTRA] DEBUG: Palestras relacionadas buscadas para categoria 'Literária'.
[2025-10-07 18:15:54] [PALESTRA] DEBUG: Verificação de certificado existente para exibição inicial. ID existente: Nenhum
[2025-10-07 18:15:54] [PALESTRA] DEBUG: Panda Player Div ID extraído do embed: 'panda-d982f426-c60f-45ce-9ee1-41b5b824e2df'
[2025-10-07 20:05:49] [PALESTRA] DEBUG: Script palestra.php iniciado.
[2025-10-07 20:05:49] [PALESTRA] DEBUG: Usuário tem permissão.
[2025-10-07 20:05:49] [PALESTRA] DEBUG: ID da palestra recebido: 157e442b-987f-11f0-916e-bad1eb27008a
[2025-10-07 20:05:49] [PALESTRA] DEBUG: Palestra 'S08E10 — Tradução e Localização de Jogos' encontrada. Duração em minutos: 102
[2025-10-07 20:05:49] [PALESTRA] DEBUG: User ID da sessão ('44096a97-a1f9-11f0-916e-bad1eb27008a') é válido e existe na tabela 'users'.
[2025-10-07 20:05:49] [PALESTRA] DEBUG: Log existente encontrado. Progresso: 7s
[2025-10-07 20:05:49] [PALESTRA] DEBUG: Progresso inicial carregado do DB (user_progress_seconds): 7
[2025-10-07 20:05:49] [PALESTRA] DEBUG: Palestras relacionadas buscadas para categoria 'Jogos'.
[2025-10-07 20:05:49] [PALESTRA] DEBUG: Verificação de certificado existente para exibição inicial. ID existente: Nenhum
[2025-10-07 20:05:49] [PALESTRA] DEBUG: Panda Player Div ID extraído do embed: 'panda-ef18a8ad-3437-4b0e-a567-dde8f08b064b'
[2025-10-07 21:02:03] [PALESTRA] DEBUG: Script palestra.php iniciado.
[2025-10-07 21:02:03] [PALESTRA] DEBUG: Usuário tem permissão.
[2025-10-07 21:02:03] [PALESTRA] DEBUG: ID da palestra recebido: 1db48161-a1fb-11f0-916e-bad1eb27008a
[2025-10-07 21:02:03] [PALESTRA] DEBUG: Palestra 'S08E31 — Tradução de rimas em jogos' encontrada. Duração em minutos: 99
[2025-10-07 21:02:03] [PALESTRA] DEBUG: User ID da sessão ('630d1ae7-22dc-439b-8ff7-1c602c0f0ce3') é válido e existe na tabela 'users'.
[2025-10-07 21:02:03] [PALESTRA] DEBUG: Log existente encontrado. Progresso: 11657s
[2025-10-07 21:02:03] [PALESTRA] DEBUG: Progresso inicial carregado do DB (user_progress_seconds): 11657
[2025-10-07 21:02:03] [PALESTRA] DEBUG: Palestras relacionadas buscadas para categoria 'Literária'.
[2025-10-07 21:02:03] [PALESTRA] DEBUG: Verificação de certificado existente para exibição inicial. ID existente: Nenhum
[2025-10-07 21:02:03] [PALESTRA] DEBUG: Panda Player Div ID extraído do embed: 'panda-d982f426-c60f-45ce-9ee1-41b5b824e2df'
[2025-10-07 21:41:13] [GENERATE_SIMPLE] Script generate_simple_certificate.php iniciado
[2025-10-07 21:41:13] [GENERATE_SIMPLE] Dados recebidos - Lecture: 1db48161-a1fb-11f0-916e-bad1eb27008a, User: 630d1ae7-22dc-439b-8ff7-1c602c0f0ce3, Watched: 5940s
[2025-10-07 21:41:13] [GENERATE_SIMPLE] Iniciando validações simplificadas
[2025-10-07 21:41:13] [GENERATE_SIMPLE] Progresso no DB: 14004s, Enviado pelo cliente: 5940s
[2025-10-07 21:41:13] [GENERATE_SIMPLE] Tempo final considerado: 14004s
[2025-10-07 21:41:13] [GENERATE_SIMPLE] Duração total: 5940s, Requerido (85%): 5049s
[2025-10-07 21:41:13] [GENERATE_SIMPLE] Todas as validações passaram - gerando certificado
[2025-10-07 21:41:13] [GENERATE_SIMPLE] SUCESSO: Certificado inserido no banco - ID: 98a2aa8f-8619-4bca-ae72-c15f3696861b
[2025-10-07 21:41:13] [GENERATE_SIMPLE] DEBUG: [GENERATE_SIMPLE] Iniciando geração de PNG para ID: 98a2aa8f-8619-4bca-ae72-c15f3696861b
[2025-10-07 21:41:13] [GENERATE_SIMPLE] DEBUG: [GENERATE_SIMPLE] Conversão UTF-8 aplicada para geração.
[2025-10-07 21:41:13] [GENERATE_SIMPLE] DEBUG: [GENERATE_SIMPLE] Dimensões do template: Largura=3509, Altura=2481
[2025-10-07 21:41:13] [GENERATE_SIMPLE] DEBUG: [GENERATE_SIMPLE] Procurando fontes TTF para geração...
[2025-10-07 21:41:13] [GENERATE_SIMPLE] DEBUG: [GENERATE_SIMPLE] Fonte TTF Bold encontrada em: /home/u335416710/domains/translators101.com/public_html/v/includes/../fonts/DejaVuSans-Bold.ttf
[2025-10-07 21:41:13] [GENERATE_SIMPLE] DEBUG: [GENERATE_SIMPLE] Fonte TTF padrão encontrada em: /home/u335416710/domains/translators101.com/public_html/v/includes/../fonts/DejaVuSans-Bold.ttf
[2025-10-07 21:41:13] [GENERATE_SIMPLE] DEBUG: [GENERATE_SIMPLE] Usando imagettftext para geração.
[2025-10-07 21:41:13] [GENERATE_SIMPLE] DEBUG: [GENERATE_SIMPLE] Nome do usuário adicionado (X: 1138, Y: 1100).
[2025-10-07 21:41:13] [GENERATE_SIMPLE] DEBUG: [GENERATE_SIMPLE] Processando título: 'S08E31 — Tradução de rimas em jogos' (tamanho: 39 caracteres)
[2025-10-07 21:41:13] [GENERATE_SIMPLE] DEBUG: [GENERATE_SIMPLE] Título curto - usando layout centralizado
[2025-10-07 21:41:13] [GENERATE_SIMPLE] DEBUG: [GENERATE_SIMPLE] Título curto centralizado adicionado (X: 744.5, Y: 1400)
[2025-10-07 21:41:13] [GENERATE_SIMPLE] DEBUG: [GENERATE_SIMPLE] Duração da palestra adicionada (X: 2000, Y: 1570).
[2025-10-07 21:41:13] [GENERATE_SIMPLE] DEBUG: [GENERATE_SIMPLE] Data de emissão adicionada (X: 850, Y: 2330).
[2025-10-07 21:41:13] [GENERATE_SIMPLE] DEBUG: [GENERATE_SIMPLE] ID do certificado adicionado (X: 280, Y: 2430).
[2025-10-07 21:41:13] [GENERATE_SIMPLE] DEBUG: URL de verificação gerada: https://v.translators101.com/verificar_certificado.php?id=98a2aa8f-8619-4bca-ae72-c15f3696861b
[2025-10-07 21:41:14] [GENERATE_SIMPLE] DEBUG: QR Code colado na imagem base.
[2025-10-07 21:41:14] [GENERATE_SIMPLE] DEBUG: [GENERATE_SIMPLE] QR Code adicionado à imagem durante a geração (X: 2989, Y: 2131, Tamanho: 300).
[2025-10-07 21:41:18] [GENERATE_SIMPLE] DEBUG: [GENERATE_SIMPLE] imagepng() retornou SUCESSO. Verificando se o arquivo gerado é um PNG válido.
[2025-10-07 21:41:18] [GENERATE_SIMPLE] INFO: [GENERATE_SIMPLE] Certificado PNG gerado e salvo com sucesso em: /home/u335416710/domains/translators101.com/public_html/v/includes/../certificates/certificate_98a2aa8f-8619-4bca-ae72-c15f3696861b.png. É um PNG válido.
[2025-10-07 21:41:18] [GENERATE_SIMPLE] SUCESSO: PNG gerado - /home/u335416710/domains/translators101.com/public_html/v/includes/../certificates/certificate_98a2aa8f-8619-4bca-ae72-c15f3696861b.png
[2025-10-07 21:41:18] [GENERATE_SIMPLE] DEBUG: [GENERATE_SIMPLE] Iniciando geração de PDF T101 CORRIGIDO para ID: 98a2aa8f-8619-4bca-ae72-c15f3696861b
[2025-10-07 21:41:18] [GENERATE_SIMPLE] DEBUG: [GENERATE_SIMPLE] TCPDF encontrado em: /home/u335416710/domains/translators101.com/public_html/v/includes/../vendor/tecnickcom/tcpdf/tcpdf.php
[2025-10-07 21:41:20] [GENERATE_SIMPLE] DEBUG: [GENERATE_SIMPLE] Template T101 oficial aplicado como fundo
[2025-10-07 21:41:20] [GENERATE_SIMPLE] DEBUG: URL de verificação gerada: https://v.translators101.com/verificar_certificado.php?id=98a2aa8f-8619-4bca-ae72-c15f3696861b
[2025-10-07 21:41:21] [GENERATE_SIMPLE] DEBUG: [GENERATE_SIMPLE] QR Code T101 adicionado ao PDF (posição corrigida)
[2025-10-07 21:41:21] [GENERATE_SIMPLE] SUCESSO: [GENERATE_SIMPLE] PDF T101 CORRIGIDO gerado em: /home/u335416710/domains/translators101.com/public_html/v/includes/../certificates/certificate_98a2aa8f-8619-4bca-ae72-c15f3696861b.pdf
[2025-10-07 21:41:21] [GENERATE_SIMPLE] SUCESSO: PDF gerado - /home/u335416710/domains/translators101.com/public_html/v/includes/../certificates/certificate_98a2aa8f-8619-4bca-ae72-c15f3696861b.pdf
[2025-10-07 21:41:21] [GENERATE_SIMPLE] SUCESSO: Certificado gerado - ID: 98a2aa8f-8619-4bca-ae72-c15f3696861b, PNG: SIM, PDF: SIM, Assistido: 14004s de 5940s (235.8%)
[2025-10-07 21:41:38] [PALESTRA] DEBUG: Script palestra.php iniciado.
[2025-10-07 21:41:38] [PALESTRA] DEBUG: Usuário tem permissão.
[2025-10-07 21:41:38] [PALESTRA] DEBUG: ID da palestra recebido: 1db48161-a1fb-11f0-916e-bad1eb27008a
[2025-10-07 21:41:38] [PALESTRA] DEBUG: Palestra 'S08E31 — Tradução de rimas em jogos' encontrada. Duração em minutos: 99
[2025-10-07 21:41:38] [PALESTRA] DEBUG: User ID da sessão ('630d1ae7-22dc-439b-8ff7-1c602c0f0ce3') é válido e existe na tabela 'users'.
[2025-10-07 21:41:38] [PALESTRA] DEBUG: Log existente encontrado. Progresso: 14024s
[2025-10-07 21:41:38] [PALESTRA] DEBUG: Progresso inicial carregado do DB (user_progress_seconds): 14024
[2025-10-07 21:41:38] [PALESTRA] DEBUG: Palestras relacionadas buscadas para categoria 'Literária'.
[2025-10-07 21:41:38] [PALESTRA] DEBUG: Verificação de certificado existente para exibição inicial. ID existente: 98a2aa8f-8619-4bca-ae72-c15f3696861b
[2025-10-07 21:41:38] [PALESTRA] DEBUG: Panda Player Div ID extraído do embed: 'panda-d982f426-c60f-45ce-9ee1-41b5b824e2df'
[2025-10-07 18:41:45] [DOWNLOAD] DEBUG: Script download_certificate_files.php iniciado.
[2025-10-07 18:41:45] [DOWNLOAD] DEBUG: ID do certificado recebido: 98a2aa8f-8619-4bca-ae72-c15f3696861b, formato solicitado: png
[2025-10-07 18:41:45] [DOWNLOAD] DEBUG: Dados do certificado encontrados no banco de dados.
[2025-10-07 18:41:45] [DOWNLOAD] DEBUG: Arquivo PNG encontrado: /home/u335416710/domains/translators101.com/public_html/v/certificates/certificate_98a2aa8f-8619-4bca-ae72-c15f3696861b.png
[2025-10-07 18:41:45] [DOWNLOAD] DEBUG: Preparando download final: Certificado_Rafaela_Franceschini_2025-10-07.png (Tipo: image/png) - Arquivo: /home/u335416710/domains/translators101.com/public_html/v/certificates/certificate_98a2aa8f-8619-4bca-ae72-c15f3696861b.png
[2025-10-07 18:41:45] [DOWNLOAD] INFO: Arquivo Certificado_Rafaela_Franceschini_2025-10-07.png enviado para download com sucesso.
[2025-10-08 00:39:15] [PALESTRA] DEBUG: Script palestra.php iniciado.
[2025-10-08 00:39:15] [PALESTRA] DEBUG: Usuário tem permissão.
[2025-10-08 00:39:15] [PALESTRA] DEBUG: ID da palestra recebido: 2a01e0cc-6d40-4879-8fc0-d4fa898a8628
[2025-10-08 00:39:15] [PALESTRA] DEBUG: Palestra 'S08E19 — A IA e o futuro da tradução: uma análise do panorama atual e expectativas — Valter Mendes' encontrada. Duração em minutos: 85
[2025-10-08 00:39:15] [PALESTRA] DEBUG: User ID da sessão ('d6ad966b-9d81-11f0-916e-bad1eb27008a') é válido e existe na tabela 'users'.
[2025-10-08 00:39:15] [PALESTRA] DEBUG: Log existente encontrado. Progresso: 16s
[2025-10-08 00:39:15] [PALESTRA] DEBUG: Progresso inicial carregado do DB (user_progress_seconds): 16
[2025-10-08 00:39:15] [PALESTRA] DEBUG: Palestras relacionadas buscadas para categoria ''.
[2025-10-08 00:39:15] [PALESTRA] DEBUG: Verificação de certificado existente para exibição inicial. ID existente: Nenhum
[2025-10-08 00:39:15] [PALESTRA] DEBUG: Panda Player Div ID extraído do embed: 'panda-2a01e0cc-6d40-4879-8fc0-d4fa898a8628'
[2025-10-08 16:45:51] [PALESTRA] DEBUG: Script palestra.php iniciado.
[2025-10-08 16:45:51] [PALESTRA] DEBUG: Usuário tem permissão.
[2025-10-08 16:45:51] [PALESTRA] DEBUG: ID da palestra recebido: d4190580-2833-4b9f-9468-76e99051829c
[2025-10-08 16:45:51] [PALESTRA] DEBUG: Palestra 'Especial #ITD 2020 — T101 explica Xbench' encontrada. Duração em minutos: 61
[2025-10-08 16:45:51] [PALESTRA] DEBUG: User ID da sessão ('debug-user') é válido e existe na tabela 'users'.
[2025-10-08 16:45:51] [PALESTRA] DEBUG: Log existente encontrado. Progresso: 82518s
[2025-10-08 16:45:51] [PALESTRA] DEBUG: Progresso inicial carregado do DB (user_progress_seconds): 82518
[2025-10-08 16:45:51] [PALESTRA] DEBUG: Palestras relacionadas buscadas para categoria ''.
[2025-10-08 16:45:51] [PALESTRA] DEBUG: Verificação de certificado existente para exibição inicial. ID existente: Nenhum
[2025-10-08 16:45:51] [PALESTRA] DEBUG: Panda Player Div ID extraído do embed: 'panda-d4190580-2833-4b9f-9468-76e99051829c'
[2025-10-08 16:46:01] [GENERATE_SIMPLE] Script generate_simple_certificate.php iniciado
[2025-10-08 16:46:01] [GENERATE_SIMPLE] Dados recebidos - Lecture: d4190580-2833-4b9f-9468-76e99051829c, User: debug-user, Watched: 3660s
[2025-10-08 16:46:01] [GENERATE_SIMPLE] Iniciando validações simplificadas
[2025-10-08 16:46:01] [GENERATE_SIMPLE] Progresso no DB: 82525s, Enviado pelo cliente: 3660s
[2025-10-08 16:46:01] [GENERATE_SIMPLE] Tempo final considerado: 82525s
[2025-10-08 16:46:01] [GENERATE_SIMPLE] Duração total: 3660s, Requerido (85%): 3111s
[2025-10-08 16:46:01] [GENERATE_SIMPLE] Todas as validações passaram - gerando certificado
[2025-10-08 16:46:01] [GENERATE_SIMPLE] SUCESSO: Certificado inserido no banco - ID: fc90657a-3b98-4929-88a5-3507bc31014f
[2025-10-08 16:46:01] [GENERATE_SIMPLE] DEBUG: [GENERATE_SIMPLE] Iniciando geração de PNG para ID: fc90657a-3b98-4929-88a5-3507bc31014f
[2025-10-08 16:46:01] [GENERATE_SIMPLE] DEBUG: [GENERATE_SIMPLE] Conversão UTF-8 aplicada para geração.
[2025-10-08 16:46:01] [GENERATE_SIMPLE] DEBUG: [GENERATE_SIMPLE] Dimensões do template: Largura=3509, Altura=2481
[2025-10-08 16:46:01] [GENERATE_SIMPLE] DEBUG: [GENERATE_SIMPLE] Procurando fontes TTF para geração...
[2025-10-08 16:46:01] [GENERATE_SIMPLE] DEBUG: [GENERATE_SIMPLE] Fonte TTF Bold encontrada em: /home/u335416710/domains/translators101.com/public_html/v/includes/../fonts/DejaVuSans-Bold.ttf
[2025-10-08 16:46:01] [GENERATE_SIMPLE] DEBUG: [GENERATE_SIMPLE] Fonte TTF padrão encontrada em: /home/u335416710/domains/translators101.com/public_html/v/includes/../fonts/DejaVuSans-Bold.ttf
[2025-10-08 16:46:01] [GENERATE_SIMPLE] DEBUG: [GENERATE_SIMPLE] Usando imagettftext para geração.
[2025-10-08 16:46:01] [GENERATE_SIMPLE] DEBUG: [GENERATE_SIMPLE] Nome do usuário adicionado (X: 1203, Y: 1100).
[2025-10-08 16:46:01] [GENERATE_SIMPLE] DEBUG: [GENERATE_SIMPLE] Processando título: 'Especial #ITD 2020 — T101 explica Xbench' (tamanho: 42 caracteres)
[2025-10-08 16:46:01] [GENERATE_SIMPLE] DEBUG: [GENERATE_SIMPLE] Título curto - usando layout centralizado
[2025-10-08 16:46:01] [GENERATE_SIMPLE] DEBUG: [GENERATE_SIMPLE] Título curto centralizado adicionado (X: 630, Y: 1400)
[2025-10-08 16:46:01] [GENERATE_SIMPLE] DEBUG: [GENERATE_SIMPLE] Duração da palestra adicionada (X: 2000, Y: 1570).
[2025-10-08 16:46:01] [GENERATE_SIMPLE] DEBUG: [GENERATE_SIMPLE] Data de emissão adicionada (X: 850, Y: 2330).
[2025-10-08 16:46:01] [GENERATE_SIMPLE] DEBUG: [GENERATE_SIMPLE] ID do certificado adicionado (X: 280, Y: 2430).
[2025-10-08 16:46:01] [GENERATE_SIMPLE] DEBUG: URL de verificação gerada: https://v.translators101.com/verificar_certificado.php?id=fc90657a-3b98-4929-88a5-3507bc31014f
[2025-10-08 16:46:02] [GENERATE_SIMPLE] DEBUG: QR Code colado na imagem base.
[2025-10-08 16:46:02] [GENERATE_SIMPLE] DEBUG: [GENERATE_SIMPLE] QR Code adicionado à imagem durante a geração (X: 2989, Y: 2131, Tamanho: 300).
[2025-10-08 16:46:06] [GENERATE_SIMPLE] DEBUG: [GENERATE_SIMPLE] imagepng() retornou SUCESSO. Verificando se o arquivo gerado é um PNG válido.
[2025-10-08 16:46:06] [GENERATE_SIMPLE] INFO: [GENERATE_SIMPLE] Certificado PNG gerado e salvo com sucesso em: /home/u335416710/domains/translators101.com/public_html/v/includes/../certificates/certificate_fc90657a-3b98-4929-88a5-3507bc31014f.png. É um PNG válido.
[2025-10-08 16:46:06] [GENERATE_SIMPLE] SUCESSO: PNG gerado - /home/u335416710/domains/translators101.com/public_html/v/includes/../certificates/certificate_fc90657a-3b98-4929-88a5-3507bc31014f.png
[2025-10-08 16:46:06] [GENERATE_SIMPLE] DEBUG: [GENERATE_SIMPLE] Iniciando geração de PDF T101 CORRIGIDO para ID: fc90657a-3b98-4929-88a5-3507bc31014f
[2025-10-08 16:46:06] [GENERATE_SIMPLE] DEBUG: [GENERATE_SIMPLE] TCPDF encontrado em: /home/u335416710/domains/translators101.com/public_html/v/includes/../vendor/tecnickcom/tcpdf/tcpdf.php
[2025-10-08 16:46:09] [GENERATE_SIMPLE] DEBUG: [GENERATE_SIMPLE] Template T101 oficial aplicado como fundo
[2025-10-08 16:46:09] [GENERATE_SIMPLE] DEBUG: URL de verificação gerada: https://v.translators101.com/verificar_certificado.php?id=fc90657a-3b98-4929-88a5-3507bc31014f
[2025-10-08 16:46:10] [GENERATE_SIMPLE] DEBUG: [GENERATE_SIMPLE] QR Code T101 adicionado ao PDF (posição corrigida)
[2025-10-08 16:46:10] [GENERATE_SIMPLE] SUCESSO: [GENERATE_SIMPLE] PDF T101 CORRIGIDO gerado em: /home/u335416710/domains/translators101.com/public_html/v/includes/../certificates/certificate_fc90657a-3b98-4929-88a5-3507bc31014f.pdf
[2025-10-08 16:46:10] [GENERATE_SIMPLE] SUCESSO: PDF gerado - /home/u335416710/domains/translators101.com/public_html/v/includes/../certificates/certificate_fc90657a-3b98-4929-88a5-3507bc31014f.pdf
[2025-10-08 16:46:10] [GENERATE_SIMPLE] SUCESSO: Certificado gerado - ID: fc90657a-3b98-4929-88a5-3507bc31014f, PNG: SIM, PDF: SIM, Assistido: 82525s de 3660s (2254.8%)
[2025-10-08 17:33:48] [PALESTRA] DEBUG: Script palestra.php iniciado.
[2025-10-08 17:33:48] [PALESTRA] DEBUG: Usuário tem permissão.
[2025-10-08 17:33:48] [PALESTRA] DEBUG: ID da palestra recebido: 426e0691-5cca-4ef0-8128-c2c429171d0b
[2025-10-08 17:33:48] [PALESTRA] DEBUG: Palestra 'S06E08 — O nascimento e o renascimento da literatura traduzida — Ellen Maria' encontrada. Duração em minutos: 102
[2025-10-08 17:33:48] [PALESTRA] DEBUG: User ID da sessão ('630d1ae7-22dc-439b-8ff7-1c602c0f0ce3') é válido e existe na tabela 'users'.
[2025-10-08 17:33:48] [PALESTRA] DEBUG: Log existente encontrado. Progresso: 13096s
[2025-10-08 17:33:48] [PALESTRA] DEBUG: Progresso inicial carregado do DB (user_progress_seconds): 13096
[2025-10-08 17:33:48] [PALESTRA] DEBUG: Palestras relacionadas buscadas para categoria ''.
[2025-10-08 17:33:48] [PALESTRA] DEBUG: Verificação de certificado existente para exibição inicial. ID existente: Nenhum
[2025-10-08 17:33:48] [PALESTRA] DEBUG: Panda Player Div ID extraído do embed: 'panda-426e0691-5cca-4ef0-8128-c2c429171d0b'
[2025-10-09 10:50:42] [PALESTRA] DEBUG: Script palestra.php iniciado.
[2025-10-09 10:50:42] [PALESTRA] DEBUG: Usuário tem permissão.
[2025-10-09 10:50:42] [PALESTRA] DEBUG: ID da palestra recebido: 426e0691-5cca-4ef0-8128-c2c429171d0b
[2025-10-09 10:50:42] [PALESTRA] DEBUG: Palestra 'S06E08 — O nascimento e o renascimento da literatura traduzida — Ellen Maria' encontrada. Duração em minutos: 102
[2025-10-09 10:50:42] [PALESTRA] DEBUG: User ID da sessão ('630d1ae7-22dc-439b-8ff7-1c602c0f0ce3') é válido e existe na tabela 'users'.
[2025-10-09 10:50:42] [PALESTRA] DEBUG: Log existente encontrado. Progresso: 25348s
[2025-10-09 10:50:42] [PALESTRA] DEBUG: Progresso inicial carregado do DB (user_progress_seconds): 25348
[2025-10-09 10:50:42] [PALESTRA] DEBUG: Palestras relacionadas buscadas para categoria ''.
[2025-10-09 10:50:42] [PALESTRA] DEBUG: Verificação de certificado existente para exibição inicial. ID existente: Nenhum
[2025-10-09 10:50:42] [PALESTRA] DEBUG: Panda Player Div ID extraído do embed: 'panda-426e0691-5cca-4ef0-8128-c2c429171d0b'
[2025-10-09 10:50:57] [GENERATE_SIMPLE] Script generate_simple_certificate.php iniciado
[2025-10-09 10:50:57] [GENERATE_SIMPLE] Dados recebidos - Lecture: 426e0691-5cca-4ef0-8128-c2c429171d0b, User: 630d1ae7-22dc-439b-8ff7-1c602c0f0ce3, Watched: 6120s
[2025-10-09 10:50:57] [GENERATE_SIMPLE] Iniciando validações simplificadas
[2025-10-09 10:50:57] [GENERATE_SIMPLE] Progresso no DB: 25355s, Enviado pelo cliente: 6120s
[2025-10-09 10:50:57] [GENERATE_SIMPLE] Tempo final considerado: 25355s
[2025-10-09 10:50:57] [GENERATE_SIMPLE] Duração total: 6120s, Requerido (85%): 5202s
[2025-10-09 10:50:57] [GENERATE_SIMPLE] Todas as validações passaram - gerando certificado
[2025-10-09 10:50:57] [GENERATE_SIMPLE] SUCESSO: Certificado inserido no banco - ID: c8a30e7a-2c3a-4834-aa9d-d355a4666468
[2025-10-09 10:50:57] [GENERATE_SIMPLE] DEBUG: [GENERATE_SIMPLE] Iniciando geração de PNG para ID: c8a30e7a-2c3a-4834-aa9d-d355a4666468
[2025-10-09 10:50:57] [GENERATE_SIMPLE] DEBUG: [GENERATE_SIMPLE] Conversão UTF-8 aplicada para geração.
[2025-10-09 10:50:57] [GENERATE_SIMPLE] DEBUG: [GENERATE_SIMPLE] Dimensões do template: Largura=3509, Altura=2481
[2025-10-09 10:50:57] [GENERATE_SIMPLE] DEBUG: [GENERATE_SIMPLE] Procurando fontes TTF para geração...
[2025-10-09 10:50:57] [GENERATE_SIMPLE] DEBUG: [GENERATE_SIMPLE] Fonte TTF Bold encontrada em: /home/u335416710/domains/translators101.com/public_html/v/includes/../fonts/DejaVuSans-Bold.ttf
[2025-10-09 10:50:57] [GENERATE_SIMPLE] DEBUG: [GENERATE_SIMPLE] Fonte TTF padrão encontrada em: /home/u335416710/domains/translators101.com/public_html/v/includes/../fonts/DejaVuSans-Bold.ttf
[2025-10-09 10:50:57] [GENERATE_SIMPLE] DEBUG: [GENERATE_SIMPLE] Usando imagettftext para geração.
[2025-10-09 10:50:57] [GENERATE_SIMPLE] DEBUG: [GENERATE_SIMPLE] Nome do usuário adicionado (X: 1138, Y: 1100).
[2025-10-09 10:50:57] [GENERATE_SIMPLE] DEBUG: [GENERATE_SIMPLE] Processando título: 'S06E08 — O nascimento e o renascimento da literatura traduzida — Ellen Maria' (tamanho: 80 caracteres)
[2025-10-09 10:50:57] [GENERATE_SIMPLE] DEBUG: [GENERATE_SIMPLE] Título longo detectado - aplicando quebra de linha inteligente
[2025-10-09 10:50:57] [GENERATE_SIMPLE] DEBUG: [GENERATE_SIMPLE] Linha 1: 'S06E08 — O nascimento e o renascimento da literatura'
[2025-10-09 10:50:57] [GENERATE_SIMPLE] DEBUG: [GENERATE_SIMPLE] Linha 2: 'traduzida — Ellen Maria'
[2025-10-09 10:50:57] [GENERATE_SIMPLE] DEBUG: [GENERATE_SIMPLE] Linha 1 adicionada (X: 721, Y: 1350)
[2025-10-09 10:50:57] [GENERATE_SIMPLE] DEBUG: [GENERATE_SIMPLE] Linha 2 adicionada (X: 1310.5, Y: 1410)
[2025-10-09 10:50:57] [GENERATE_SIMPLE] DEBUG: [GENERATE_SIMPLE] Duração da palestra adicionada (X: 2000, Y: 1570).
[2025-10-09 10:50:57] [GENERATE_SIMPLE] DEBUG: [GENERATE_SIMPLE] Data de emissão adicionada (X: 850, Y: 2330).
[2025-10-09 10:50:57] [GENERATE_SIMPLE] DEBUG: [GENERATE_SIMPLE] ID do certificado adicionado (X: 280, Y: 2430).
[2025-10-09 10:50:57] [GENERATE_SIMPLE] DEBUG: URL de verificação gerada: https://v.translators101.com/verificar_certificado.php?id=c8a30e7a-2c3a-4834-aa9d-d355a4666468
[2025-10-09 10:50:58] [GENERATE_SIMPLE] DEBUG: QR Code colado na imagem base.
[2025-10-09 10:50:58] [GENERATE_SIMPLE] DEBUG: [GENERATE_SIMPLE] QR Code adicionado à imagem durante a geração (X: 2989, Y: 2131, Tamanho: 300).
[2025-10-09 10:51:01] [GENERATE_SIMPLE] DEBUG: [GENERATE_SIMPLE] imagepng() retornou SUCESSO. Verificando se o arquivo gerado é um PNG válido.
[2025-10-09 10:51:01] [GENERATE_SIMPLE] INFO: [GENERATE_SIMPLE] Certificado PNG gerado e salvo com sucesso em: /home/u335416710/domains/translators101.com/public_html/v/includes/../certificates/certificate_c8a30e7a-2c3a-4834-aa9d-d355a4666468.png. É um PNG válido.
[2025-10-09 10:51:01] [GENERATE_SIMPLE] SUCESSO: PNG gerado - /home/u335416710/domains/translators101.com/public_html/v/includes/../certificates/certificate_c8a30e7a-2c3a-4834-aa9d-d355a4666468.png
[2025-10-09 10:51:01] [GENERATE_SIMPLE] DEBUG: [GENERATE_SIMPLE] Iniciando geração de PDF T101 CORRIGIDO para ID: c8a30e7a-2c3a-4834-aa9d-d355a4666468
[2025-10-09 10:51:01] [GENERATE_SIMPLE] DEBUG: [GENERATE_SIMPLE] TCPDF encontrado em: /home/u335416710/domains/translators101.com/public_html/v/includes/../vendor/tecnickcom/tcpdf/tcpdf.php
[2025-10-09 10:51:04] [GENERATE_SIMPLE] DEBUG: [GENERATE_SIMPLE] Template T101 oficial aplicado como fundo
[2025-10-09 10:51:04] [GENERATE_SIMPLE] DEBUG: URL de verificação gerada: https://v.translators101.com/verificar_certificado.php?id=c8a30e7a-2c3a-4834-aa9d-d355a4666468
[2025-10-09 10:51:05] [GENERATE_SIMPLE] DEBUG: [GENERATE_SIMPLE] QR Code T101 adicionado ao PDF (posição corrigida)
[2025-10-09 10:51:05] [GENERATE_SIMPLE] SUCESSO: [GENERATE_SIMPLE] PDF T101 CORRIGIDO gerado em: /home/u335416710/domains/translators101.com/public_html/v/includes/../certificates/certificate_c8a30e7a-2c3a-4834-aa9d-d355a4666468.pdf
[2025-10-09 10:51:05] [GENERATE_SIMPLE] SUCESSO: PDF gerado - /home/u335416710/domains/translators101.com/public_html/v/includes/../certificates/certificate_c8a30e7a-2c3a-4834-aa9d-d355a4666468.pdf
[2025-10-09 10:51:05] [GENERATE_SIMPLE] SUCESSO: Certificado gerado - ID: c8a30e7a-2c3a-4834-aa9d-d355a4666468, PNG: SIM, PDF: SIM, Assistido: 25355s de 6120s (414.3%)
[2025-10-09 10:54:40] [PALESTRA] DEBUG: Script palestra.php iniciado.
[2025-10-09 10:54:40] [PALESTRA] DEBUG: Usuário tem permissão.
[2025-10-09 10:54:40] [PALESTRA] DEBUG: ID da palestra recebido: 426e0691-5cca-4ef0-8128-c2c429171d0b
[2025-10-09 10:54:40] [PALESTRA] DEBUG: Palestra 'S06E08 — O nascimento e o renascimento da literatura traduzida — Ellen Maria' encontrada. Duração em minutos: 102
[2025-10-09 10:54:40] [PALESTRA] DEBUG: User ID da sessão ('630d1ae7-22dc-439b-8ff7-1c602c0f0ce3') é válido e existe na tabela 'users'.
[2025-10-09 10:54:40] [PALESTRA] DEBUG: Log existente encontrado. Progresso: 25578s
[2025-10-09 10:54:40] [PALESTRA] DEBUG: Progresso inicial carregado do DB (user_progress_seconds): 25578
[2025-10-09 10:54:40] [PALESTRA] DEBUG: Palestras relacionadas buscadas para categoria ''.
[2025-10-09 10:54:40] [PALESTRA] DEBUG: Verificação de certificado existente para exibição inicial. ID existente: c8a30e7a-2c3a-4834-aa9d-d355a4666468
[2025-10-09 10:54:40] [PALESTRA] DEBUG: Panda Player Div ID extraído do embed: 'panda-426e0691-5cca-4ef0-8128-c2c429171d0b'
[2025-10-09 07:54:45] [DOWNLOAD] DEBUG: Script download_certificate_files.php iniciado.
[2025-10-09 07:54:45] [DOWNLOAD] DEBUG: ID do certificado recebido: c8a30e7a-2c3a-4834-aa9d-d355a4666468, formato solicitado: png
[2025-10-09 07:54:45] [DOWNLOAD] DEBUG: Dados do certificado encontrados no banco de dados.
[2025-10-09 07:54:45] [DOWNLOAD] DEBUG: Arquivo PNG encontrado: /home/u335416710/domains/translators101.com/public_html/v/certificates/certificate_c8a30e7a-2c3a-4834-aa9d-d355a4666468.png
[2025-10-09 07:54:45] [DOWNLOAD] DEBUG: Preparando download final: Certificado_Rafaela_Franceschini_2025-10-09.png (Tipo: image/png) - Arquivo: /home/u335416710/domains/translators101.com/public_html/v/certificates/certificate_c8a30e7a-2c3a-4834-aa9d-d355a4666468.png
[2025-10-09 07:54:45] [DOWNLOAD] INFO: Arquivo Certificado_Rafaela_Franceschini_2025-10-09.png enviado para download com sucesso.
[2025-10-09 12:30:54] [PALESTRA] DEBUG: Script palestra.php iniciado.
[2025-10-09 12:30:54] [PALESTRA] DEBUG: Usuário tem permissão.
[2025-10-09 12:30:54] [PALESTRA] DEBUG: ID da palestra recebido: 62c60e46-a384-4044-8651-89f19cca727d
[2025-10-09 12:30:54] [PALESTRA] DEBUG: Palestra 'S07E36 — MTPE – Exemplos práticos de Machine Translation Pós-Editing — Isa Mara Lando' encontrada. Duração em minutos: 110
[2025-10-09 12:30:54] [PALESTRA] DEBUG: User ID da sessão ('35a4b6a8-d83a-4e40-863a-84b3e1be05f1') é válido e existe na tabela 'users'.
[2025-10-09 12:30:54] [PALESTRA] INFO: Novo log de acesso registrado para palestra 'S07E36 — MTPE – Exemplos práticos de Machine Translation Pós-Editing — Isa Mara Lando' (User ID: 35a4b6a8-d83a-4e40-863a-84b3e1be05f1).
[2025-10-09 12:30:54] [PALESTRA] DEBUG: Progresso inicial carregado do DB (user_progress_seconds): 0
[2025-10-09 12:30:54] [PALESTRA] DEBUG: Palestras relacionadas buscadas para categoria ''.
[2025-10-09 12:30:54] [PALESTRA] DEBUG: Verificação de certificado existente para exibição inicial. ID existente: Nenhum
[2025-10-09 12:30:54] [PALESTRA] DEBUG: Panda Player Div ID extraído do embed: 'panda-62c60e46-a384-4044-8651-89f19cca727d'
[2025-10-09 16:28:02] [PALESTRA] DEBUG: Script palestra.php iniciado.
[2025-10-09 16:28:02] [PALESTRA] DEBUG: Usuário tem permissão.
[2025-10-09 16:28:02] [PALESTRA] DEBUG: ID da palestra recebido: b7c8328c-0cf9-4652-bfb6-512a94824b05
[2025-10-09 16:28:02] [PALESTRA] DEBUG: Palestra 'S07E25 — Caminhos da Tradução na graduação em Letras — Mirella Nunes Giracca e Silvana Ayub Polchlopek' encontrada. Duração em minutos: 129
[2025-10-09 16:28:02] [PALESTRA] DEBUG: User ID da sessão ('630d1ae7-22dc-439b-8ff7-1c602c0f0ce3') é válido e existe na tabela 'users'.
[2025-10-09 16:28:02] [PALESTRA] INFO: Novo log de acesso registrado para palestra 'S07E25 — Caminhos da Tradução na graduação em Letras — Mirella Nunes Giracca e Silvana Ayub Polchlopek' (User ID: 630d1ae7-22dc-439b-8ff7-1c602c0f0ce3).
[2025-10-09 16:28:02] [PALESTRA] DEBUG: Progresso inicial carregado do DB (user_progress_seconds): 0
[2025-10-09 16:28:02] [PALESTRA] DEBUG: Palestras relacionadas buscadas para categoria ''.
[2025-10-09 16:28:02] [PALESTRA] DEBUG: Verificação de certificado existente para exibição inicial. ID existente: Nenhum
[2025-10-09 16:28:02] [PALESTRA] DEBUG: Panda Player Div ID extraído do embed: 'panda-b7c8328c-0cf9-4652-bfb6-512a94824b05'
[2025-10-09 16:28:35] [PALESTRA] DEBUG: Script palestra.php iniciado.
[2025-10-09 16:28:35] [PALESTRA] DEBUG: Usuário tem permissão.
[2025-10-09 16:28:35] [PALESTRA] DEBUG: ID da palestra recebido: 3ef9d97a-aaea-4fcc-ae3a-00738ebaed1f
[2025-10-09 16:28:35] [PALESTRA] DEBUG: Palestra 'S07E04 — A tradução de obras audiovisuais derivadas na era transmídia: E agora, tradutor? — Paulo Noriega' encontrada. Duração em minutos: 62
[2025-10-09 16:28:35] [PALESTRA] DEBUG: User ID da sessão ('630d1ae7-22dc-439b-8ff7-1c602c0f0ce3') é válido e existe na tabela 'users'.
[2025-10-09 16:28:35] [PALESTRA] INFO: Novo log de acesso registrado para palestra 'S07E04 — A tradução de obras audiovisuais derivadas na era transmídia: E agora, tradutor? — Paulo Noriega' (User ID: 630d1ae7-22dc-439b-8ff7-1c602c0f0ce3).
[2025-10-09 16:28:35] [PALESTRA] DEBUG: Progresso inicial carregado do DB (user_progress_seconds): 0
[2025-10-09 16:28:35] [PALESTRA] DEBUG: Palestras relacionadas buscadas para categoria ''.
[2025-10-09 16:28:35] [PALESTRA] DEBUG: Verificação de certificado existente para exibição inicial. ID existente: Nenhum
[2025-10-09 16:28:35] [PALESTRA] DEBUG: Panda Player Div ID extraído do embed: 'panda-3ef9d97a-aaea-4fcc-ae3a-00738ebaed1f'
[2025-10-09 21:39:51] [PALESTRA] DEBUG: Script palestra.php iniciado.
[2025-10-09 21:39:51] [PALESTRA] DEBUG: Usuário tem permissão.
[2025-10-09 21:39:51] [PALESTRA] DEBUG: ID da palestra recebido: 97c1499f-28f3-4b98-bbae-0c6833b06755
[2025-10-09 21:39:51] [PALESTRA] DEBUG: Palestra 'S06E35 — Language Lead? Que bicho é esse? — Mariana Ciocca Alves Passos' encontrada. Duração em minutos: 84
[2025-10-09 21:39:51] [PALESTRA] DEBUG: User ID da sessão ('630d1ae7-22dc-439b-8ff7-1c602c0f0ce3') é válido e existe na tabela 'users'.
[2025-10-09 21:39:51] [PALESTRA] INFO: Novo log de acesso registrado para palestra 'S06E35 — Language Lead? Que bicho é esse? — Mariana Ciocca Alves Passos' (User ID: 630d1ae7-22dc-439b-8ff7-1c602c0f0ce3).
[2025-10-09 21:39:51] [PALESTRA] DEBUG: Progresso inicial carregado do DB (user_progress_seconds): 0
[2025-10-09 21:39:51] [PALESTRA] DEBUG: Palestras relacionadas buscadas para categoria ''.
[2025-10-09 21:39:51] [PALESTRA] DEBUG: Verificação de certificado existente para exibição inicial. ID existente: Nenhum
[2025-10-09 21:39:51] [PALESTRA] DEBUG: Panda Player Div ID extraído do embed: 'panda-97c1499f-28f3-4b98-bbae-0c6833b06755'
[2025-10-10 00:08:59] [PALESTRA] DEBUG: Script palestra.php iniciado.
[2025-10-10 00:08:59] [PALESTRA] DEBUG: Usuário tem permissão.
[2025-10-10 00:08:59] [PALESTRA] DEBUG: ID da palestra recebido: dbec9252-a095-11f0-916e-bad1eb27008a
[2025-10-10 00:08:59] [PALESTRA] DEBUG: Palestra 'S08E27 — Linguagem imples: um novo campo de atuação para profissionais da tradução' encontrada. Duração em minutos: 86
[2025-10-10 00:08:59] [PALESTRA] DEBUG: User ID da sessão ('d6ad966b-9d81-11f0-916e-bad1eb27008a') é válido e existe na tabela 'users'.
[2025-10-10 00:08:59] [PALESTRA] INFO: Novo log de acesso registrado para palestra 'S08E27 — Linguagem imples: um novo campo de atuação para profissionais da tradução' (User ID: d6ad966b-9d81-11f0-916e-bad1eb27008a).
[2025-10-10 00:08:59] [PALESTRA] DEBUG: Progresso inicial carregado do DB (user_progress_seconds): 0
[2025-10-10 00:08:59] [PALESTRA] DEBUG: Palestras relacionadas buscadas para categoria 'Língua'.
[2025-10-10 00:08:59] [PALESTRA] DEBUG: Verificação de certificado existente para exibição inicial. ID existente: Nenhum
[2025-10-10 00:08:59] [PALESTRA] DEBUG: Panda Player Div ID extraído do embed: 'panda-742f3e1f-e0be-4f18-a011-b406f315520d'
[2025-10-10 09:50:00] [PALESTRA] DEBUG: Script palestra.php iniciado.
[2025-10-10 09:50:00] [PALESTRA] DEBUG: Usuário tem permissão.
[2025-10-10 09:50:00] [PALESTRA] DEBUG: ID da palestra recebido: 8b58e985-8d4f-42ad-9a52-9808731bbf3b
[2025-10-10 09:50:00] [PALESTRA] DEBUG: Palestra 'S06E26 — Como a dramaturgia influencia a tradução audiovisual — Jacqueline Plaça' encontrada. Duração em minutos: 119
[2025-10-10 09:50:00] [PALESTRA] DEBUG: User ID da sessão ('630d1ae7-22dc-439b-8ff7-1c602c0f0ce3') é válido e existe na tabela 'users'.
[2025-10-10 09:50:00] [PALESTRA] INFO: Novo log de acesso registrado para palestra 'S06E26 — Como a dramaturgia influencia a tradução audiovisual — Jacqueline Plaça' (User ID: 630d1ae7-22dc-439b-8ff7-1c602c0f0ce3).
[2025-10-10 09:50:00] [PALESTRA] DEBUG: Progresso inicial carregado do DB (user_progress_seconds): 0
[2025-10-10 09:50:00] [PALESTRA] DEBUG: Palestras relacionadas buscadas para categoria ''.
[2025-10-10 09:50:00] [PALESTRA] DEBUG: Verificação de certificado existente para exibição inicial. ID existente: Nenhum
[2025-10-10 09:50:00] [PALESTRA] DEBUG: Panda Player Div ID extraído do embed: 'panda-8b58e985-8d4f-42ad-9a52-9808731bbf3b'
[2025-10-11 19:58:07] [PALESTRA] DEBUG: Script palestra.php iniciado.
[2025-10-11 19:58:07] [PALESTRA] DEBUG: Usuário tem permissão.
[2025-10-11 19:58:07] [PALESTRA] DEBUG: ID da palestra recebido: fa9d3dbc-ec76-4ff4-8433-f26c26362145
[2025-10-11 19:58:07] [PALESTRA] DEBUG: Palestra 'S05E24 — Localização de games: linguagem e mídia — Horacio Corral' encontrada. Duração em minutos: 67
[2025-10-11 19:58:07] [PALESTRA] DEBUG: User ID da sessão ('945a97b5-bad5-42e4-81ea-390f85b9eac9') é válido e existe na tabela 'users'.
[2025-10-11 19:58:07] [PALESTRA] DEBUG: Log existente encontrado. Progresso: 7050s
[2025-10-11 19:58:07] [PALESTRA] DEBUG: Progresso inicial carregado do DB (user_progress_seconds): 7050
[2025-10-11 19:58:07] [PALESTRA] DEBUG: Palestras relacionadas buscadas para categoria ''.
[2025-10-11 19:58:07] [PALESTRA] DEBUG: Verificação de certificado existente para exibição inicial. ID existente: Nenhum
[2025-10-11 19:58:07] [PALESTRA] DEBUG: Panda Player Div ID extraído do embed: 'panda-fa9d3dbc-ec76-4ff4-8433-f26c26362145'
[2025-10-11 19:58:30] [GENERATE_SIMPLE] Script generate_simple_certificate.php iniciado
[2025-10-11 19:58:30] [GENERATE_SIMPLE] Dados recebidos - Lecture: fa9d3dbc-ec76-4ff4-8433-f26c26362145, User: 945a97b5-bad5-42e4-81ea-390f85b9eac9, Watched: 4020s
[2025-10-11 19:58:30] [GENERATE_SIMPLE] Iniciando validações simplificadas
[2025-10-11 19:58:30] [GENERATE_SIMPLE] Progresso no DB: 7067s, Enviado pelo cliente: 4020s
[2025-10-11 19:58:30] [GENERATE_SIMPLE] Tempo final considerado: 7067s
[2025-10-11 19:58:30] [GENERATE_SIMPLE] Duração total: 4020s, Requerido (85%): 3417s
[2025-10-11 19:58:30] [GENERATE_SIMPLE] Todas as validações passaram - gerando certificado
[2025-10-11 19:58:30] [GENERATE_SIMPLE] SUCESSO: Certificado inserido no banco - ID: 097bc400-90f7-43f6-98fc-b2ad3605ad3b
[2025-10-11 19:58:30] [GENERATE_SIMPLE] DEBUG: [GENERATE_SIMPLE] Iniciando geração de PNG para ID: 097bc400-90f7-43f6-98fc-b2ad3605ad3b
[2025-10-11 19:58:30] [GENERATE_SIMPLE] DEBUG: [GENERATE_SIMPLE] Conversão UTF-8 aplicada para geração.
[2025-10-11 19:58:30] [GENERATE_SIMPLE] DEBUG: [GENERATE_SIMPLE] Dimensões do template: Largura=3509, Altura=2481
[2025-10-11 19:58:30] [GENERATE_SIMPLE] DEBUG: [GENERATE_SIMPLE] Procurando fontes TTF para geração...
[2025-10-11 19:58:30] [GENERATE_SIMPLE] DEBUG: [GENERATE_SIMPLE] Fonte TTF Bold encontrada em: /home/u335416710/domains/translators101.com/public_html/v/includes/../fonts/DejaVuSans-Bold.ttf
[2025-10-11 19:58:30] [GENERATE_SIMPLE] DEBUG: [GENERATE_SIMPLE] Fonte TTF padrão encontrada em: /home/u335416710/domains/translators101.com/public_html/v/includes/../fonts/DejaVuSans-Bold.ttf
[2025-10-11 19:58:30] [GENERATE_SIMPLE] DEBUG: [GENERATE_SIMPLE] Usando imagettftext para geração.
[2025-10-11 19:58:30] [GENERATE_SIMPLE] DEBUG: [GENERATE_SIMPLE] Nome do usuário adicionado (X: 257, Y: 1100).
[2025-10-11 19:58:30] [GENERATE_SIMPLE] DEBUG: [GENERATE_SIMPLE] Processando título: 'S05E24 — Localização de games: linguagem e mídia — Horacio Corral' (tamanho: 72 caracteres)
[2025-10-11 19:58:30] [GENERATE_SIMPLE] DEBUG: [GENERATE_SIMPLE] Título longo detectado - aplicando quebra de linha inteligente
[2025-10-11 19:58:30] [GENERATE_SIMPLE] DEBUG: [GENERATE_SIMPLE] Linha 1: 'Localização de games: linguagem e mídia'
[2025-10-11 19:58:30] [GENERATE_SIMPLE] DEBUG: [GENERATE_SIMPLE] Linha 2: 'S05E24 — — Horacio Corral'
[2025-10-11 19:58:30] [GENERATE_SIMPLE] DEBUG: [GENERATE_SIMPLE] Linha 1 adicionada (X: 977.5, Y: 1350)
[2025-10-11 19:58:30] [GENERATE_SIMPLE] DEBUG: [GENERATE_SIMPLE] Linha 2 adicionada (X: 1247, Y: 1410)
[2025-10-11 19:58:30] [GENERATE_SIMPLE] DEBUG: [GENERATE_SIMPLE] Duração da palestra adicionada (X: 2000, Y: 1570).
[2025-10-11 19:58:30] [GENERATE_SIMPLE] DEBUG: [GENERATE_SIMPLE] Data de emissão adicionada (X: 850, Y: 2330).
[2025-10-11 19:58:30] [GENERATE_SIMPLE] DEBUG: [GENERATE_SIMPLE] ID do certificado adicionado (X: 280, Y: 2430).
[2025-10-11 19:58:30] [GENERATE_SIMPLE] DEBUG: URL de verificação gerada: https://v.translators101.com/verificar_certificado.php?id=097bc400-90f7-43f6-98fc-b2ad3605ad3b
[2025-10-11 19:58:31] [GENERATE_SIMPLE] DEBUG: QR Code colado na imagem base.
[2025-10-11 19:58:31] [GENERATE_SIMPLE] DEBUG: [GENERATE_SIMPLE] QR Code adicionado à imagem durante a geração (X: 2989, Y: 2131, Tamanho: 300).
[2025-10-11 19:58:35] [GENERATE_SIMPLE] DEBUG: [GENERATE_SIMPLE] imagepng() retornou SUCESSO. Verificando se o arquivo gerado é um PNG válido.
[2025-10-11 19:58:35] [GENERATE_SIMPLE] INFO: [GENERATE_SIMPLE] Certificado PNG gerado e salvo com sucesso em: /home/u335416710/domains/translators101.com/public_html/v/includes/../certificates/certificate_097bc400-90f7-43f6-98fc-b2ad3605ad3b.png. É um PNG válido.
[2025-10-11 19:58:35] [GENERATE_SIMPLE] SUCESSO: PNG gerado - /home/u335416710/domains/translators101.com/public_html/v/includes/../certificates/certificate_097bc400-90f7-43f6-98fc-b2ad3605ad3b.png
[2025-10-11 19:58:35] [GENERATE_SIMPLE] DEBUG: [GENERATE_SIMPLE] Iniciando geração de PDF T101 CORRIGIDO para ID: 097bc400-90f7-43f6-98fc-b2ad3605ad3b
[2025-10-11 19:58:35] [GENERATE_SIMPLE] DEBUG: [GENERATE_SIMPLE] TCPDF encontrado em: /home/u335416710/domains/translators101.com/public_html/v/includes/../vendor/tecnickcom/tcpdf/tcpdf.php
[2025-10-11 19:58:37] [GENERATE_SIMPLE] DEBUG: [GENERATE_SIMPLE] Template T101 oficial aplicado como fundo
[2025-10-11 19:58:37] [GENERATE_SIMPLE] DEBUG: URL de verificação gerada: https://v.translators101.com/verificar_certificado.php?id=097bc400-90f7-43f6-98fc-b2ad3605ad3b
[2025-10-11 19:58:38] [GENERATE_SIMPLE] DEBUG: [GENERATE_SIMPLE] QR Code T101 adicionado ao PDF (posição corrigida)
[2025-10-11 19:58:38] [GENERATE_SIMPLE] SUCESSO: [GENERATE_SIMPLE] PDF T101 CORRIGIDO gerado em: /home/u335416710/domains/translators101.com/public_html/v/includes/../certificates/certificate_097bc400-90f7-43f6-98fc-b2ad3605ad3b.pdf
[2025-10-11 19:58:38] [GENERATE_SIMPLE] SUCESSO: PDF gerado - /home/u335416710/domains/translators101.com/public_html/v/includes/../certificates/certificate_097bc400-90f7-43f6-98fc-b2ad3605ad3b.pdf
[2025-10-11 19:58:38] [GENERATE_SIMPLE] SUCESSO: Certificado gerado - ID: 097bc400-90f7-43f6-98fc-b2ad3605ad3b, PNG: SIM, PDF: SIM, Assistido: 7067s de 4020s (175.8%)
[2025-10-13 16:29:23] [PALESTRA] DEBUG: Script palestra.php iniciado.
[2025-10-13 16:29:23] [PALESTRA] DEBUG: Usuário tem permissão.
[2025-10-13 16:29:23] [PALESTRA] DEBUG: ID da palestra recebido: c80bfb5a-02b3-48a4-b39d-bb89ae871da9
[2025-10-13 16:29:23] [PALESTRA] DEBUG: Palestra 'S03E28 — Cobrança e negociação para tradutores — Simone Resende' encontrada. Duração em minutos: 71
[2025-10-13 16:29:23] [PALESTRA] DEBUG: User ID da sessão ('945a97b5-bad5-42e4-81ea-390f85b9eac9') é válido e existe na tabela 'users'.
[2025-10-13 16:29:23] [PALESTRA] INFO: Novo log de acesso registrado para palestra 'S03E28 — Cobrança e negociação para tradutores — Simone Resende' (User ID: 945a97b5-bad5-42e4-81ea-390f85b9eac9).
[2025-10-13 16:29:23] [PALESTRA] DEBUG: Progresso inicial carregado do DB (user_progress_seconds): 0
[2025-10-13 16:29:23] [PALESTRA] DEBUG: Palestras relacionadas buscadas para categoria ''.
[2025-10-13 16:29:23] [PALESTRA] DEBUG: Verificação de certificado existente para exibição inicial. ID existente: Nenhum
[2025-10-13 16:29:23] [PALESTRA] DEBUG: Panda Player Div ID extraído do embed: 'panda-c80bfb5a-02b3-48a4-b39d-bb89ae871da9'
[2025-10-13 19:02:19] [GENERATE_SIMPLE] Script generate_simple_certificate.php iniciado
[2025-10-13 19:02:19] [GENERATE_SIMPLE] Dados recebidos - Lecture: c80bfb5a-02b3-48a4-b39d-bb89ae871da9, User: 945a97b5-bad5-42e4-81ea-390f85b9eac9, Watched: 4260s
[2025-10-13 19:02:19] [GENERATE_SIMPLE] Iniciando validações simplificadas
[2025-10-13 19:02:19] [GENERATE_SIMPLE] Progresso no DB: 9167s, Enviado pelo cliente: 4260s
[2025-10-13 19:02:19] [GENERATE_SIMPLE] Tempo final considerado: 9167s
[2025-10-13 19:02:19] [GENERATE_SIMPLE] Duração total: 4260s, Requerido (85%): 3621s
[2025-10-13 19:02:19] [GENERATE_SIMPLE] Todas as validações passaram - gerando certificado
[2025-10-13 19:02:19] [GENERATE_SIMPLE] SUCESSO: Certificado inserido no banco - ID: 4b2467bb-7ebd-423a-8bc3-fb441d941b0b
[2025-10-13 19:02:19] [GENERATE_SIMPLE] DEBUG: [GENERATE_SIMPLE] Iniciando geração de PNG para ID: 4b2467bb-7ebd-423a-8bc3-fb441d941b0b
[2025-10-13 19:02:19] [GENERATE_SIMPLE] DEBUG: [GENERATE_SIMPLE] Conversão UTF-8 aplicada para geração.
[2025-10-13 19:02:19] [GENERATE_SIMPLE] DEBUG: [GENERATE_SIMPLE] Dimensões do template: Largura=3509, Altura=2481
[2025-10-13 19:02:19] [GENERATE_SIMPLE] DEBUG: [GENERATE_SIMPLE] Procurando fontes TTF para geração...
[2025-10-13 19:02:19] [GENERATE_SIMPLE] DEBUG: [GENERATE_SIMPLE] Fonte TTF Bold encontrada em: /home/u335416710/domains/translators101.com/public_html/v/includes/../fonts/DejaVuSans-Bold.ttf
[2025-10-13 19:02:19] [GENERATE_SIMPLE] DEBUG: [GENERATE_SIMPLE] Fonte TTF padrão encontrada em: /home/u335416710/domains/translators101.com/public_html/v/includes/../fonts/DejaVuSans-Bold.ttf
[2025-10-13 19:02:19] [GENERATE_SIMPLE] DEBUG: [GENERATE_SIMPLE] Usando imagettftext para geração.
[2025-10-13 19:02:19] [GENERATE_SIMPLE] DEBUG: [GENERATE_SIMPLE] Nome do usuário adicionado (X: 257, Y: 1100).
[2025-10-13 19:02:19] [GENERATE_SIMPLE] DEBUG: [GENERATE_SIMPLE] Processando título: 'S03E28 — Cobrança e negociação para tradutores — Simone Resende' (tamanho: 70 caracteres)
[2025-10-13 19:02:19] [GENERATE_SIMPLE] DEBUG: [GENERATE_SIMPLE] Título longo detectado - aplicando quebra de linha inteligente
[2025-10-13 19:02:19] [GENERATE_SIMPLE] DEBUG: [GENERATE_SIMPLE] Linha 1: 'Cobrança e negociação para tradutores —'
[2025-10-13 19:02:19] [GENERATE_SIMPLE] DEBUG: [GENERATE_SIMPLE] Linha 2: 'S03E28 — Simone Resende'
[2025-10-13 19:02:19] [GENERATE_SIMPLE] DEBUG: [GENERATE_SIMPLE] Linha 1 adicionada (X: 970.5, Y: 1350)
[2025-10-13 19:02:19] [GENERATE_SIMPLE] DEBUG: [GENERATE_SIMPLE] Linha 2 adicionada (X: 1249.5, Y: 1410)
[2025-10-13 19:02:19] [GENERATE_SIMPLE] DEBUG: [GENERATE_SIMPLE] Duração da palestra adicionada (X: 2000, Y: 1570).
[2025-10-13 19:02:19] [GENERATE_SIMPLE] DEBUG: [GENERATE_SIMPLE] Data de emissão adicionada (X: 850, Y: 2330).
[2025-10-13 19:02:19] [GENERATE_SIMPLE] DEBUG: [GENERATE_SIMPLE] ID do certificado adicionado (X: 280, Y: 2430).
[2025-10-13 19:02:19] [GENERATE_SIMPLE] DEBUG: URL de verificação gerada: https://v.translators101.com/verificar_certificado.php?id=4b2467bb-7ebd-423a-8bc3-fb441d941b0b
[2025-10-13 19:02:20] [GENERATE_SIMPLE] DEBUG: QR Code colado na imagem base.
[2025-10-13 19:02:20] [GENERATE_SIMPLE] DEBUG: [GENERATE_SIMPLE] QR Code adicionado à imagem durante a geração (X: 2989, Y: 2131, Tamanho: 300).
[2025-10-13 19:02:24] [GENERATE_SIMPLE] DEBUG: [GENERATE_SIMPLE] imagepng() retornou SUCESSO. Verificando se o arquivo gerado é um PNG válido.
[2025-10-13 19:02:24] [GENERATE_SIMPLE] INFO: [GENERATE_SIMPLE] Certificado PNG gerado e salvo com sucesso em: /home/u335416710/domains/translators101.com/public_html/v/includes/../certificates/certificate_4b2467bb-7ebd-423a-8bc3-fb441d941b0b.png. É um PNG válido.
[2025-10-13 19:02:24] [GENERATE_SIMPLE] SUCESSO: PNG gerado - /home/u335416710/domains/translators101.com/public_html/v/includes/../certificates/certificate_4b2467bb-7ebd-423a-8bc3-fb441d941b0b.png
[2025-10-13 19:02:24] [GENERATE_SIMPLE] DEBUG: [GENERATE_SIMPLE] Iniciando geração de PDF T101 CORRIGIDO para ID: 4b2467bb-7ebd-423a-8bc3-fb441d941b0b
[2025-10-13 19:02:24] [GENERATE_SIMPLE] DEBUG: [GENERATE_SIMPLE] TCPDF encontrado em: /home/u335416710/domains/translators101.com/public_html/v/includes/../vendor/tecnickcom/tcpdf/tcpdf.php
[2025-10-13 19:02:26] [GENERATE_SIMPLE] DEBUG: [GENERATE_SIMPLE] Template T101 oficial aplicado como fundo
[2025-10-13 19:02:26] [GENERATE_SIMPLE] DEBUG: URL de verificação gerada: https://v.translators101.com/verificar_certificado.php?id=4b2467bb-7ebd-423a-8bc3-fb441d941b0b
[2025-10-13 19:02:27] [GENERATE_SIMPLE] DEBUG: [GENERATE_SIMPLE] QR Code T101 adicionado ao PDF (posição corrigida)
[2025-10-13 19:02:28] [GENERATE_SIMPLE] SUCESSO: [GENERATE_SIMPLE] PDF T101 CORRIGIDO gerado em: /home/u335416710/domains/translators101.com/public_html/v/includes/../certificates/certificate_4b2467bb-7ebd-423a-8bc3-fb441d941b0b.pdf
[2025-10-13 19:02:28] [GENERATE_SIMPLE] SUCESSO: PDF gerado - /home/u335416710/domains/translators101.com/public_html/v/includes/../certificates/certificate_4b2467bb-7ebd-423a-8bc3-fb441d941b0b.pdf
[2025-10-13 19:02:28] [GENERATE_SIMPLE] SUCESSO: Certificado gerado - ID: 4b2467bb-7ebd-423a-8bc3-fb441d941b0b, PNG: SIM, PDF: SIM, Assistido: 9167s de 4260s (215.2%)
[2025-10-13 19:30:22] [PALESTRA] DEBUG: Script palestra.php iniciado.
[2025-10-13 19:30:22] [PALESTRA] DEBUG: Usuário tem permissão.
[2025-10-13 19:30:22] [PALESTRA] DEBUG: ID da palestra recebido: 8b58e985-8d4f-42ad-9a52-9808731bbf3b
[2025-10-13 19:30:22] [PALESTRA] DEBUG: Palestra 'S06E26 — Como a dramaturgia influencia a tradução audiovisual — Jacqueline Plaça' encontrada. Duração em minutos: 119
[2025-10-13 19:30:22] [PALESTRA] DEBUG: User ID da sessão ('630d1ae7-22dc-439b-8ff7-1c602c0f0ce3') é válido e existe na tabela 'users'.
[2025-10-13 19:30:22] [PALESTRA] DEBUG: Log existente encontrado. Progresso: 54763s
[2025-10-13 19:30:22] [PALESTRA] DEBUG: Progresso inicial carregado do DB (user_progress_seconds): 54763
[2025-10-13 19:30:22] [PALESTRA] DEBUG: Palestras relacionadas buscadas para categoria ''.
[2025-10-13 19:30:22] [PALESTRA] DEBUG: Verificação de certificado existente para exibição inicial. ID existente: Nenhum
[2025-10-13 19:30:22] [PALESTRA] DEBUG: Panda Player Div ID extraído do embed: 'panda-8b58e985-8d4f-42ad-9a52-9808731bbf3b'
[2025-10-13 19:38:34] [GENERATE_SIMPLE] Script generate_simple_certificate.php iniciado
[2025-10-13 19:38:34] [GENERATE_SIMPLE] Dados recebidos - Lecture: 8b58e985-8d4f-42ad-9a52-9808731bbf3b, User: 630d1ae7-22dc-439b-8ff7-1c602c0f0ce3, Watched: 7140s
[2025-10-13 19:38:34] [GENERATE_SIMPLE] Iniciando validações simplificadas
[2025-10-13 19:38:34] [GENERATE_SIMPLE] Progresso no DB: 55246s, Enviado pelo cliente: 7140s
[2025-10-13 19:38:34] [GENERATE_SIMPLE] Tempo final considerado: 55246s
[2025-10-13 19:38:34] [GENERATE_SIMPLE] Duração total: 7140s, Requerido (85%): 6069s
[2025-10-13 19:38:34] [GENERATE_SIMPLE] Todas as validações passaram - gerando certificado
[2025-10-13 19:38:34] [GENERATE_SIMPLE] SUCESSO: Certificado inserido no banco - ID: df1eddcf-501c-4a17-b5c6-12ee667d6461
[2025-10-13 19:38:34] [GENERATE_SIMPLE] DEBUG: [GENERATE_SIMPLE] Iniciando geração de PNG para ID: df1eddcf-501c-4a17-b5c6-12ee667d6461
[2025-10-13 19:38:34] [GENERATE_SIMPLE] DEBUG: [GENERATE_SIMPLE] Conversão UTF-8 aplicada para geração.
[2025-10-13 19:38:34] [GENERATE_SIMPLE] DEBUG: [GENERATE_SIMPLE] Dimensões do template: Largura=3509, Altura=2481
[2025-10-13 19:38:34] [GENERATE_SIMPLE] DEBUG: [GENERATE_SIMPLE] Procurando fontes TTF para geração...
[2025-10-13 19:38:34] [GENERATE_SIMPLE] DEBUG: [GENERATE_SIMPLE] Fonte TTF Bold encontrada em: /home/u335416710/domains/translators101.com/public_html/v/includes/../fonts/DejaVuSans-Bold.ttf
[2025-10-13 19:38:34] [GENERATE_SIMPLE] DEBUG: [GENERATE_SIMPLE] Fonte TTF padrão encontrada em: /home/u335416710/domains/translators101.com/public_html/v/includes/../fonts/DejaVuSans-Bold.ttf
[2025-10-13 19:38:34] [GENERATE_SIMPLE] DEBUG: [GENERATE_SIMPLE] Usando imagettftext para geração.
[2025-10-13 19:38:34] [GENERATE_SIMPLE] DEBUG: [GENERATE_SIMPLE] Nome do usuário adicionado (X: 1138, Y: 1100).
[2025-10-13 19:38:34] [GENERATE_SIMPLE] DEBUG: [GENERATE_SIMPLE] Processando título: 'S06E26 — Como a dramaturgia influencia a tradução audiovisual — Jacqueline Plaça' (tamanho: 87 caracteres)
[2025-10-13 19:38:34] [GENERATE_SIMPLE] DEBUG: [GENERATE_SIMPLE] Título longo detectado - aplicando quebra de linha inteligente
[2025-10-13 19:38:34] [GENERATE_SIMPLE] DEBUG: [GENERATE_SIMPLE] Linha 1: 'S06E26 — Como a dramaturgia influencia a tradução'
[2025-10-13 19:38:34] [GENERATE_SIMPLE] DEBUG: [GENERATE_SIMPLE] Linha 2: 'audiovisual — Jacqueline Plaça'
[2025-10-13 19:38:34] [GENERATE_SIMPLE] DEBUG: [GENERATE_SIMPLE] Linha 1 adicionada (X: 768.5, Y: 1350)
[2025-10-13 19:38:34] [GENERATE_SIMPLE] DEBUG: [GENERATE_SIMPLE] Linha 2 adicionada (X: 1179.5, Y: 1410)
[2025-10-13 19:38:34] [GENERATE_SIMPLE] DEBUG: [GENERATE_SIMPLE] Duração da palestra adicionada (X: 2000, Y: 1570).
[2025-10-13 19:38:34] [GENERATE_SIMPLE] DEBUG: [GENERATE_SIMPLE] Data de emissão adicionada (X: 850, Y: 2330).
[2025-10-13 19:38:34] [GENERATE_SIMPLE] DEBUG: [GENERATE_SIMPLE] ID do certificado adicionado (X: 280, Y: 2430).
[2025-10-13 19:38:34] [GENERATE_SIMPLE] DEBUG: URL de verificação gerada: https://v.translators101.com/verificar_certificado.php?id=df1eddcf-501c-4a17-b5c6-12ee667d6461
[2025-10-13 19:38:35] [GENERATE_SIMPLE] DEBUG: QR Code colado na imagem base.
[2025-10-13 19:38:35] [GENERATE_SIMPLE] DEBUG: [GENERATE_SIMPLE] QR Code adicionado à imagem durante a geração (X: 2989, Y: 2131, Tamanho: 300).
[2025-10-13 19:38:39] [GENERATE_SIMPLE] DEBUG: [GENERATE_SIMPLE] imagepng() retornou SUCESSO. Verificando se o arquivo gerado é um PNG válido.
[2025-10-13 19:38:39] [GENERATE_SIMPLE] INFO: [GENERATE_SIMPLE] Certificado PNG gerado e salvo com sucesso em: /home/u335416710/domains/translators101.com/public_html/v/includes/../certificates/certificate_df1eddcf-501c-4a17-b5c6-12ee667d6461.png. É um PNG válido.
[2025-10-13 19:38:39] [GENERATE_SIMPLE] SUCESSO: PNG gerado - /home/u335416710/domains/translators101.com/public_html/v/includes/../certificates/certificate_df1eddcf-501c-4a17-b5c6-12ee667d6461.png
[2025-10-13 19:38:39] [GENERATE_SIMPLE] DEBUG: [GENERATE_SIMPLE] Iniciando geração de PDF T101 CORRIGIDO para ID: df1eddcf-501c-4a17-b5c6-12ee667d6461
[2025-10-13 19:38:39] [GENERATE_SIMPLE] DEBUG: [GENERATE_SIMPLE] TCPDF encontrado em: /home/u335416710/domains/translators101.com/public_html/v/includes/../vendor/tecnickcom/tcpdf/tcpdf.php
[2025-10-13 19:38:41] [GENERATE_SIMPLE] DEBUG: [GENERATE_SIMPLE] Template T101 oficial aplicado como fundo
[2025-10-13 19:38:41] [GENERATE_SIMPLE] DEBUG: URL de verificação gerada: https://v.translators101.com/verificar_certificado.php?id=df1eddcf-501c-4a17-b5c6-12ee667d6461
[2025-10-13 19:38:42] [GENERATE_SIMPLE] DEBUG: [GENERATE_SIMPLE] QR Code T101 adicionado ao PDF (posição corrigida)
[2025-10-13 19:38:42] [GENERATE_SIMPLE] SUCESSO: [GENERATE_SIMPLE] PDF T101 CORRIGIDO gerado em: /home/u335416710/domains/translators101.com/public_html/v/includes/../certificates/certificate_df1eddcf-501c-4a17-b5c6-12ee667d6461.pdf
[2025-10-13 19:38:42] [GENERATE_SIMPLE] SUCESSO: PDF gerado - /home/u335416710/domains/translators101.com/public_html/v/includes/../certificates/certificate_df1eddcf-501c-4a17-b5c6-12ee667d6461.pdf
[2025-10-13 19:38:42] [GENERATE_SIMPLE] SUCESSO: Certificado gerado - ID: df1eddcf-501c-4a17-b5c6-12ee667d6461, PNG: SIM, PDF: SIM, Assistido: 55246s de 7140s (773.8%)
[2025-10-13 19:38:59] [PALESTRA] DEBUG: Script palestra.php iniciado.
[2025-10-13 19:38:59] [PALESTRA] DEBUG: Usuário tem permissão.
[2025-10-13 19:38:59] [PALESTRA] DEBUG: ID da palestra recebido: 8b58e985-8d4f-42ad-9a52-9808731bbf3b
[2025-10-13 19:38:59] [PALESTRA] DEBUG: Palestra 'S06E26 — Como a dramaturgia influencia a tradução audiovisual — Jacqueline Plaça' encontrada. Duração em minutos: 119
[2025-10-13 19:38:59] [PALESTRA] DEBUG: User ID da sessão ('630d1ae7-22dc-439b-8ff7-1c602c0f0ce3') é válido e existe na tabela 'users'.
[2025-10-13 19:38:59] [PALESTRA] DEBUG: Log existente encontrado. Progresso: 55266s
[2025-10-13 19:38:59] [PALESTRA] DEBUG: Progresso inicial carregado do DB (user_progress_seconds): 55266
[2025-10-13 19:38:59] [PALESTRA] DEBUG: Palestras relacionadas buscadas para categoria ''.
[2025-10-13 19:38:59] [PALESTRA] DEBUG: Verificação de certificado existente para exibição inicial. ID existente: df1eddcf-501c-4a17-b5c6-12ee667d6461
[2025-10-13 19:38:59] [PALESTRA] DEBUG: Panda Player Div ID extraído do embed: 'panda-8b58e985-8d4f-42ad-9a52-9808731bbf3b'
[2025-10-13 16:39:03] [DOWNLOAD] DEBUG: Script download_certificate_files.php iniciado.
[2025-10-13 16:39:03] [DOWNLOAD] DEBUG: ID do certificado recebido: df1eddcf-501c-4a17-b5c6-12ee667d6461, formato solicitado: png
[2025-10-13 16:39:03] [DOWNLOAD] DEBUG: Dados do certificado encontrados no banco de dados.
[2025-10-13 16:39:03] [DOWNLOAD] DEBUG: Arquivo PNG encontrado: /home/u335416710/domains/translators101.com/public_html/v/certificates/certificate_df1eddcf-501c-4a17-b5c6-12ee667d6461.png
[2025-10-13 16:39:03] [DOWNLOAD] DEBUG: Preparando download final: Certificado_Rafaela_Franceschini_2025-10-13.png (Tipo: image/png) - Arquivo: /home/u335416710/domains/translators101.com/public_html/v/certificates/certificate_df1eddcf-501c-4a17-b5c6-12ee667d6461.png
[2025-10-13 16:39:03] [DOWNLOAD] INFO: Arquivo Certificado_Rafaela_Franceschini_2025-10-13.png enviado para download com sucesso.
[2025-10-13 21:54:59] [PALESTRA] DEBUG: Script palestra.php iniciado.
[2025-10-13 21:54:59] [PALESTRA] DEBUG: Usuário tem permissão.
[2025-10-13 21:54:59] [PALESTRA] DEBUG: ID da palestra recebido: 1db48161-a1fb-11f0-916e-bad1eb27008a
[2025-10-13 21:55:00] [PALESTRA] DEBUG: Palestra 'S08E31 — Tradução de rimas em jogos' encontrada. Duração em minutos: 99
[2025-10-13 21:55:01] [PALESTRA] DEBUG: User ID da sessão ('5138d44d-a1f8-11f0-916e-bad1eb27008a') é válido e existe na tabela 'users'.
[2025-10-13 21:55:01] [PALESTRA] INFO: Novo log de acesso registrado para palestra 'S08E31 — Tradução de rimas em jogos' (User ID: 5138d44d-a1f8-11f0-916e-bad1eb27008a).
[2025-10-13 21:55:01] [PALESTRA] DEBUG: Progresso inicial carregado do DB (user_progress_seconds): 0
[2025-10-13 21:55:02] [PALESTRA] DEBUG: Palestras relacionadas buscadas para categoria 'Literária'.
[2025-10-13 21:55:02] [PALESTRA] DEBUG: Verificação de certificado existente para exibição inicial. ID existente: Nenhum
[2025-10-13 21:55:02] [PALESTRA] DEBUG: Panda Player Div ID extraído do embed: 'panda-d982f426-c60f-45ce-9ee1-41b5b824e2df'
[2025-10-14 00:00:45] [GENERATE_SIMPLE] Script generate_simple_certificate.php iniciado
[2025-10-14 00:00:45] [GENERATE_SIMPLE] Dados recebidos - Lecture: 1db48161-a1fb-11f0-916e-bad1eb27008a, User: 5138d44d-a1f8-11f0-916e-bad1eb27008a, Watched: 5940s
[2025-10-14 00:00:45] [GENERATE_SIMPLE] Iniciando validações simplificadas
[2025-10-14 00:00:45] [GENERATE_SIMPLE] Progresso no DB: 7534s, Enviado pelo cliente: 5940s
[2025-10-14 00:00:45] [GENERATE_SIMPLE] Tempo final considerado: 7534s
[2025-10-14 00:00:45] [GENERATE_SIMPLE] Duração total: 5940s, Requerido (85%): 5049s
[2025-10-14 00:00:45] [GENERATE_SIMPLE] Todas as validações passaram - gerando certificado
[2025-10-14 00:00:45] [GENERATE_SIMPLE] SUCESSO: Certificado inserido no banco - ID: 12ae6bad-659c-4696-b6b1-7747bf34bc37
[2025-10-14 00:00:45] [GENERATE_SIMPLE] DEBUG: [GENERATE_SIMPLE] Iniciando geração de PNG para ID: 12ae6bad-659c-4696-b6b1-7747bf34bc37
[2025-10-14 00:00:45] [GENERATE_SIMPLE] DEBUG: [GENERATE_SIMPLE] Conversão UTF-8 aplicada para geração.
[2025-10-14 00:00:45] [GENERATE_SIMPLE] DEBUG: [GENERATE_SIMPLE] Dimensões do template: Largura=3509, Altura=2481
[2025-10-14 00:00:45] [GENERATE_SIMPLE] DEBUG: [GENERATE_SIMPLE] Procurando fontes TTF para geração...
[2025-10-14 00:00:45] [GENERATE_SIMPLE] DEBUG: [GENERATE_SIMPLE] Fonte TTF Bold encontrada em: /home/u335416710/domains/translators101.com/public_html/v/includes/../fonts/DejaVuSans-Bold.ttf
[2025-10-14 00:00:45] [GENERATE_SIMPLE] DEBUG: [GENERATE_SIMPLE] Fonte TTF padrão encontrada em: /home/u335416710/domains/translators101.com/public_html/v/includes/../fonts/DejaVuSans-Bold.ttf
[2025-10-14 00:00:45] [GENERATE_SIMPLE] DEBUG: [GENERATE_SIMPLE] Usando imagettftext para geração.
[2025-10-14 00:00:45] [GENERATE_SIMPLE] DEBUG: [GENERATE_SIMPLE] Nome do usuário adicionado (X: 1221, Y: 1100).
[2025-10-14 00:00:45] [GENERATE_SIMPLE] DEBUG: [GENERATE_SIMPLE] Processando título: 'S08E31 — Tradução de rimas em jogos' (tamanho: 39 caracteres)
[2025-10-14 00:00:45] [GENERATE_SIMPLE] DEBUG: [GENERATE_SIMPLE] Título curto - usando layout centralizado
[2025-10-14 00:00:45] [GENERATE_SIMPLE] DEBUG: [GENERATE_SIMPLE] Título curto centralizado adicionado (X: 744.5, Y: 1400)
[2025-10-14 00:00:45] [GENERATE_SIMPLE] DEBUG: [GENERATE_SIMPLE] Duração da palestra adicionada (X: 2000, Y: 1570).
[2025-10-14 00:00:45] [GENERATE_SIMPLE] DEBUG: [GENERATE_SIMPLE] Data de emissão adicionada (X: 850, Y: 2330).
[2025-10-14 00:00:45] [GENERATE_SIMPLE] DEBUG: [GENERATE_SIMPLE] ID do certificado adicionado (X: 280, Y: 2430).
[2025-10-14 00:00:45] [GENERATE_SIMPLE] DEBUG: URL de verificação gerada: https://v.translators101.com/verificar_certificado.php?id=12ae6bad-659c-4696-b6b1-7747bf34bc37
[2025-10-14 00:00:46] [GENERATE_SIMPLE] DEBUG: QR Code colado na imagem base.
[2025-10-14 00:00:46] [GENERATE_SIMPLE] DEBUG: [GENERATE_SIMPLE] QR Code adicionado à imagem durante a geração (X: 2989, Y: 2131, Tamanho: 300).
[2025-10-14 00:00:50] [GENERATE_SIMPLE] DEBUG: [GENERATE_SIMPLE] imagepng() retornou SUCESSO. Verificando se o arquivo gerado é um PNG válido.
[2025-10-14 00:00:50] [GENERATE_SIMPLE] INFO: [GENERATE_SIMPLE] Certificado PNG gerado e salvo com sucesso em: /home/u335416710/domains/translators101.com/public_html/v/includes/../certificates/certificate_12ae6bad-659c-4696-b6b1-7747bf34bc37.png. É um PNG válido.
[2025-10-14 00:00:50] [GENERATE_SIMPLE] SUCESSO: PNG gerado - /home/u335416710/domains/translators101.com/public_html/v/includes/../certificates/certificate_12ae6bad-659c-4696-b6b1-7747bf34bc37.png
[2025-10-14 00:00:50] [GENERATE_SIMPLE] DEBUG: [GENERATE_SIMPLE] Iniciando geração de PDF T101 CORRIGIDO para ID: 12ae6bad-659c-4696-b6b1-7747bf34bc37
[2025-10-14 00:00:50] [GENERATE_SIMPLE] DEBUG: [GENERATE_SIMPLE] TCPDF encontrado em: /home/u335416710/domains/translators101.com/public_html/v/includes/../vendor/tecnickcom/tcpdf/tcpdf.php
[2025-10-14 00:00:52] [GENERATE_SIMPLE] DEBUG: [GENERATE_SIMPLE] Template T101 oficial aplicado como fundo
[2025-10-14 00:00:52] [GENERATE_SIMPLE] DEBUG: URL de verificação gerada: https://v.translators101.com/verificar_certificado.php?id=12ae6bad-659c-4696-b6b1-7747bf34bc37
[2025-10-14 00:00:53] [GENERATE_SIMPLE] DEBUG: [GENERATE_SIMPLE] QR Code T101 adicionado ao PDF (posição corrigida)
[2025-10-14 00:00:53] [GENERATE_SIMPLE] SUCESSO: [GENERATE_SIMPLE] PDF T101 CORRIGIDO gerado em: /home/u335416710/domains/translators101.com/public_html/v/includes/../certificates/certificate_12ae6bad-659c-4696-b6b1-7747bf34bc37.pdf
[2025-10-14 00:00:53] [GENERATE_SIMPLE] SUCESSO: PDF gerado - /home/u335416710/domains/translators101.com/public_html/v/includes/../certificates/certificate_12ae6bad-659c-4696-b6b1-7747bf34bc37.pdf
[2025-10-14 00:00:53] [GENERATE_SIMPLE] SUCESSO: Certificado gerado - ID: 12ae6bad-659c-4696-b6b1-7747bf34bc37, PNG: SIM, PDF: SIM, Assistido: 7534s de 5940s (126.8%)
[2025-10-14 00:03:28] [PALESTRA] DEBUG: Script palestra.php iniciado.
[2025-10-14 00:03:28] [PALESTRA] DEBUG: Usuário tem permissão.
[2025-10-14 00:03:28] [PALESTRA] DEBUG: ID da palestra recebido: 1db48161-a1fb-11f0-916e-bad1eb27008a
[2025-10-14 00:03:28] [PALESTRA] DEBUG: Palestra 'S08E31 — Tradução de rimas em jogos' encontrada. Duração em minutos: 99
[2025-10-14 00:03:28] [PALESTRA] DEBUG: User ID da sessão ('5138d44d-a1f8-11f0-916e-bad1eb27008a') é válido e existe na tabela 'users'.
[2025-10-14 00:03:28] [PALESTRA] DEBUG: Log existente encontrado. Progresso: 7589s
[2025-10-14 00:03:28] [PALESTRA] DEBUG: Progresso inicial carregado do DB (user_progress_seconds): 7589
[2025-10-14 00:03:28] [PALESTRA] DEBUG: Palestras relacionadas buscadas para categoria 'Literária'.
[2025-10-14 00:03:28] [PALESTRA] DEBUG: Verificação de certificado existente para exibição inicial. ID existente: 12ae6bad-659c-4696-b6b1-7747bf34bc37
[2025-10-14 00:03:28] [PALESTRA] DEBUG: Panda Player Div ID extraído do embed: 'panda-d982f426-c60f-45ce-9ee1-41b5b824e2df'
[2025-10-13 21:03:34] [DOWNLOAD] DEBUG: Script download_certificate_files.php iniciado.
[2025-10-13 21:03:34] [DOWNLOAD] DEBUG: ID do certificado recebido: 12ae6bad-659c-4696-b6b1-7747bf34bc37, formato solicitado: png
[2025-10-13 21:03:34] [DOWNLOAD] DEBUG: Dados do certificado encontrados no banco de dados.
[2025-10-13 21:03:34] [DOWNLOAD] DEBUG: Arquivo PNG encontrado: /home/u335416710/domains/translators101.com/public_html/v/certificates/certificate_12ae6bad-659c-4696-b6b1-7747bf34bc37.png
[2025-10-13 21:03:34] [DOWNLOAD] DEBUG: Preparando download final: Certificado_Amanda_Vincenso_2025-10-13.png (Tipo: image/png) - Arquivo: /home/u335416710/domains/translators101.com/public_html/v/certificates/certificate_12ae6bad-659c-4696-b6b1-7747bf34bc37.png
[2025-10-13 21:03:34] [DOWNLOAD] INFO: Arquivo Certificado_Amanda_Vincenso_2025-10-13.png enviado para download com sucesso.
[2025-10-14 12:35:31] [VIEW] DEBUG: Script view_certificate_files.php iniciado.
[2025-10-14 12:35:31] [VIEW] DEBUG: ID do certificado recebido: 097bc400-90f7-43f6-98fc-b2ad3605ad3b
[2025-10-14 12:35:31] [VIEW] DEBUG: Dados do certificado encontrados no banco de dados para ID: 097bc400-90f7-43f6-98fc-b2ad3605ad3b
[2025-10-14 12:35:31] [VIEW] DEBUG: Arquivo PNG encontrado: /home/u335416710/domains/translators101.com/public_html/v/certificates/certificate_097bc400-90f7-43f6-98fc-b2ad3605ad3b.png
[2025-10-14 12:35:31] [VIEW] DEBUG: Script view_certificate_files.php iniciado.
[2025-10-14 12:35:31] [VIEW] DEBUG: ID do certificado recebido: 097bc400-90f7-43f6-98fc-b2ad3605ad3b
[2025-10-14 12:35:31] [VIEW] DEBUG: Dados do certificado encontrados no banco de dados para ID: 097bc400-90f7-43f6-98fc-b2ad3605ad3b
[2025-10-14 12:35:31] [VIEW] DEBUG: Arquivo PNG encontrado: /home/u335416710/domains/translators101.com/public_html/v/certificates/certificate_097bc400-90f7-43f6-98fc-b2ad3605ad3b.png
[2025-10-14 12:35:31] [VIEW] DEBUG: Mostrando imagem diretamente: Certificado_RaffaelRodrigodeOliveiraGonalvesdeAzevedo.png
[2025-10-14 12:35:31] [VIEW] INFO: Imagem PNG enviada para visualização direta.
[2025-10-14 09:37:01] [DOWNLOAD] DEBUG: Script download_certificate_files.php iniciado.
[2025-10-14 09:37:01] [DOWNLOAD] DEBUG: ID do certificado recebido: 097bc400-90f7-43f6-98fc-b2ad3605ad3b, formato solicitado: pdf
[2025-10-14 09:37:01] [DOWNLOAD] DEBUG: Dados do certificado encontrados no banco de dados.
[2025-10-14 09:37:01] [DOWNLOAD] DEBUG: Arquivo PNG encontrado: /home/u335416710/domains/translators101.com/public_html/v/certificates/certificate_097bc400-90f7-43f6-98fc-b2ad3605ad3b.png
[2025-10-14 09:37:01] [DOWNLOAD] DEBUG: Iniciando conversão PNG para PDF: /home/u335416710/domains/translators101.com/public_html/v/certificates/certificate_097bc400-90f7-43f6-98fc-b2ad3605ad3b.png -> /home/u335416710/domains/translators101.com/public_html/v/certificates/certificate_097bc400-90f7-43f6-98fc-b2ad3605ad3b_converted.pdf
[2025-10-14 09:37:01] [DOWNLOAD] SUCESSO: PDF criado com TCPDF: /home/u335416710/domains/translators101.com/public_html/v/certificates/certificate_097bc400-90f7-43f6-98fc-b2ad3605ad3b_converted.pdf
[2025-10-14 09:37:01] [DOWNLOAD] DEBUG: PNG convertido para PDF com sucesso: /home/u335416710/domains/translators101.com/public_html/v/certificates/certificate_097bc400-90f7-43f6-98fc-b2ad3605ad3b_converted.pdf
[2025-10-14 09:37:01] [DOWNLOAD] DEBUG: Preparando download final: Certificado_Raffael_Rodrigo_de_Oliveira_Gon__alves_de_Azevedo_2025-10-14.pdf (Tipo: application/pdf) - Arquivo: /home/u335416710/domains/translators101.com/public_html/v/certificates/certificate_097bc400-90f7-43f6-98fc-b2ad3605ad3b_converted.pdf
[2025-10-14 09:37:01] [DOWNLOAD] INFO: Arquivo Certificado_Raffael_Rodrigo_de_Oliveira_Gon__alves_de_Azevedo_2025-10-14.pdf enviado para download com sucesso.
[2025-10-14 16:59:13] [PALESTRA] DEBUG: Script palestra.php iniciado.
[2025-10-14 16:59:13] [PALESTRA] DEBUG: Usuário tem permissão.
[2025-10-14 16:59:13] [PALESTRA] DEBUG: ID da palestra recebido: 2db053e9-a5d6-11f0-916e-bad1eb27008a
[2025-10-14 16:59:13] [PALESTRA] DEBUG: Palestra 'S08E32 — Fluência do idioma em dia. Mas como anda sua fluência cultural?' encontrada. Duração em minutos: 52
[2025-10-14 16:59:13] [PALESTRA] DEBUG: User ID da sessão ('d6ad966b-9d81-11f0-916e-bad1eb27008a') é válido e existe na tabela 'users'.
[2025-10-14 16:59:13] [PALESTRA] INFO: Novo log de acesso registrado para palestra 'S08E32 — Fluência do idioma em dia. Mas como anda sua fluência cultural?' (User ID: d6ad966b-9d81-11f0-916e-bad1eb27008a).
[2025-10-14 16:59:13] [PALESTRA] DEBUG: Progresso inicial carregado do DB (user_progress_seconds): 0
[2025-10-14 16:59:13] [PALESTRA] DEBUG: Palestras relacionadas buscadas para categoria 'Geral'.
[2025-10-14 16:59:13] [PALESTRA] DEBUG: Verificação de certificado existente para exibição inicial. ID existente: Nenhum
[2025-10-14 16:59:13] [PALESTRA] DEBUG: Panda Player Div ID extraído do embed: 'panda-bb67c13b-4d93-4be3-8ff1-da9571a97cf9'
[2025-10-14 20:16:50] [PALESTRA] DEBUG: Script palestra.php iniciado.
[2025-10-14 20:16:50] [PALESTRA] DEBUG: Usuário tem permissão.
[2025-10-14 20:16:50] [PALESTRA] DEBUG: ID da palestra recebido: 4f240c7a-b740-47c1-8be2-9ee3abf80bc4
[2025-10-14 20:16:50] [PALESTRA] DEBUG: Palestra 'S08E16 — Vinte anos de tradução: Carta a jovens tradutores — Michel Teixeira' encontrada. Duração em minutos: 92
[2025-10-14 20:16:50] [PALESTRA] DEBUG: User ID da sessão ('debug-user') é válido e existe na tabela 'users'.
[2025-10-14 20:16:50] [PALESTRA] DEBUG: Log existente encontrado. Progresso: 5301s
[2025-10-14 20:16:50] [PALESTRA] DEBUG: Progresso inicial carregado do DB (user_progress_seconds): 5301
[2025-10-14 20:16:50] [PALESTRA] DEBUG: Palestras relacionadas buscadas para categoria ''.
[2025-10-14 20:16:50] [PALESTRA] DEBUG: Verificação de certificado existente para exibição inicial. ID existente: Nenhum
[2025-10-14 20:16:50] [PALESTRA] DEBUG: Panda Player Div ID extraído do embed: 'panda-4f240c7a-b740-47c1-8be2-9ee3abf80bc4'
[2025-10-14 21:05:31] [PALESTRA] DEBUG: Script palestra.php iniciado.
[2025-10-14 21:05:31] [PALESTRA] DEBUG: Usuário tem permissão.
[2025-10-14 21:05:31] [PALESTRA] DEBUG: ID da palestra recebido: 2db053e9-a5d6-11f0-916e-bad1eb27008a
[2025-10-14 21:05:31] [PALESTRA] DEBUG: Palestra 'S08E32 — Fluência do idioma em dia. Mas como anda sua fluência cultural?' encontrada. Duração em minutos: 52
[2025-10-14 21:05:31] [PALESTRA] DEBUG: User ID da sessão ('d6ad966b-9d81-11f0-916e-bad1eb27008a') é válido e existe na tabela 'users'.
[2025-10-14 21:05:31] [PALESTRA] DEBUG: Log existente encontrado. Progresso: 1382s
[2025-10-14 21:05:31] [PALESTRA] DEBUG: Progresso inicial carregado do DB (user_progress_seconds): 1382
[2025-10-14 21:05:31] [PALESTRA] DEBUG: Palestras relacionadas buscadas para categoria 'Geral'.
[2025-10-14 21:05:31] [PALESTRA] DEBUG: Verificação de certificado existente para exibição inicial. ID existente: Nenhum
[2025-10-14 21:05:31] [PALESTRA] DEBUG: Panda Player Div ID extraído do embed: 'panda-bb67c13b-4d93-4be3-8ff1-da9571a97cf9'
[2025-10-14 21:46:41] [PALESTRA] DEBUG: Script palestra.php iniciado.
[2025-10-14 21:46:41] [PALESTRA] DEBUG: Usuário tem permissão.
[2025-10-14 21:46:41] [PALESTRA] DEBUG: ID da palestra recebido: 73039ef1-4b9d-4dd7-8857-10431d38feae
[2025-10-14 21:46:41] [PALESTRA] DEBUG: Palestra 'Quanto vale meu trabalho ' encontrada. Duração em minutos: 47
[2025-10-14 21:46:41] [PALESTRA] DEBUG: User ID da sessão ('945a97b5-bad5-42e4-81ea-390f85b9eac9') é válido e existe na tabela 'users'.
[2025-10-14 21:46:41] [PALESTRA] INFO: Novo log de acesso registrado para palestra 'Quanto vale meu trabalho ' (User ID: 945a97b5-bad5-42e4-81ea-390f85b9eac9).
[2025-10-14 21:46:41] [PALESTRA] DEBUG: Progresso inicial carregado do DB (user_progress_seconds): 0
[2025-10-14 21:46:41] [PALESTRA] DEBUG: Palestras relacionadas buscadas para categoria ''.
[2025-10-14 21:46:41] [PALESTRA] DEBUG: Verificação de certificado existente para exibição inicial. ID existente: Nenhum
[2025-10-14 21:46:41] [PALESTRA] DEBUG: Panda Player Div ID extraído do embed: 'panda-73039ef1-4b9d-4dd7-8857-10431d38feae'
[2025-10-14 22:51:32] [GENERATE_SIMPLE] Script generate_simple_certificate.php iniciado
[2025-10-14 22:51:32] [GENERATE_SIMPLE] Dados recebidos - Lecture: 73039ef1-4b9d-4dd7-8857-10431d38feae, User: 945a97b5-bad5-42e4-81ea-390f85b9eac9, Watched: 2820s
[2025-10-14 22:51:32] [GENERATE_SIMPLE] Iniciando validações simplificadas
[2025-10-14 22:51:32] [GENERATE_SIMPLE] Progresso no DB: 3887s, Enviado pelo cliente: 2820s
[2025-10-14 22:51:32] [GENERATE_SIMPLE] Tempo final considerado: 3887s
[2025-10-14 22:51:32] [GENERATE_SIMPLE] Duração total: 2820s, Requerido (85%): 2397s
[2025-10-14 22:51:32] [GENERATE_SIMPLE] Todas as validações passaram - gerando certificado
[2025-10-14 22:51:32] [GENERATE_SIMPLE] SUCESSO: Certificado inserido no banco - ID: 96b6197a-b474-40fc-bcb0-a1b29140e368
[2025-10-14 22:51:32] [GENERATE_SIMPLE] DEBUG: [GENERATE_SIMPLE] Iniciando geração de PNG para ID: 96b6197a-b474-40fc-bcb0-a1b29140e368
[2025-10-14 22:51:32] [GENERATE_SIMPLE] DEBUG: [GENERATE_SIMPLE] Conversão UTF-8 aplicada para geração.
[2025-10-14 22:51:32] [GENERATE_SIMPLE] DEBUG: [GENERATE_SIMPLE] Dimensões do template: Largura=3509, Altura=2481
[2025-10-14 22:51:32] [GENERATE_SIMPLE] DEBUG: [GENERATE_SIMPLE] Procurando fontes TTF para geração...
[2025-10-14 22:51:32] [GENERATE_SIMPLE] DEBUG: [GENERATE_SIMPLE] Fonte TTF Bold encontrada em: /home/u335416710/domains/translators101.com/public_html/v/includes/../fonts/DejaVuSans-Bold.ttf
[2025-10-14 22:51:32] [GENERATE_SIMPLE] DEBUG: [GENERATE_SIMPLE] Fonte TTF padrão encontrada em: /home/u335416710/domains/translators101.com/public_html/v/includes/../fonts/DejaVuSans-Bold.ttf
[2025-10-14 22:51:32] [GENERATE_SIMPLE] DEBUG: [GENERATE_SIMPLE] Usando imagettftext para geração.
[2025-10-14 22:51:32] [GENERATE_SIMPLE] DEBUG: [GENERATE_SIMPLE] Nome do usuário adicionado (X: 257, Y: 1100).
[2025-10-14 22:51:32] [GENERATE_SIMPLE] DEBUG: [GENERATE_SIMPLE] Processando título: 'Quanto vale meu trabalho ' (tamanho: 25 caracteres)
[2025-10-14 22:51:32] [GENERATE_SIMPLE] DEBUG: [GENERATE_SIMPLE] Título curto - usando layout centralizado
[2025-10-14 22:51:32] [GENERATE_SIMPLE] DEBUG: [GENERATE_SIMPLE] Título curto centralizado adicionado (X: 1052.5, Y: 1400)
[2025-10-14 22:51:32] [GENERATE_SIMPLE] DEBUG: [GENERATE_SIMPLE] Duração da palestra adicionada (X: 2000, Y: 1570).
[2025-10-14 22:51:32] [GENERATE_SIMPLE] DEBUG: [GENERATE_SIMPLE] Data de emissão adicionada (X: 850, Y: 2330).
[2025-10-14 22:51:32] [GENERATE_SIMPLE] DEBUG: [GENERATE_SIMPLE] ID do certificado adicionado (X: 280, Y: 2430).
[2025-10-14 22:51:32] [GENERATE_SIMPLE] DEBUG: URL de verificação gerada: https://v.translators101.com/verificar_certificado.php?id=96b6197a-b474-40fc-bcb0-a1b29140e368
[2025-10-14 22:51:33] [GENERATE_SIMPLE] DEBUG: QR Code colado na imagem base.
[2025-10-14 22:51:33] [GENERATE_SIMPLE] DEBUG: [GENERATE_SIMPLE] QR Code adicionado à imagem durante a geração (X: 2989, Y: 2131, Tamanho: 300).
[2025-10-14 22:51:36] [GENERATE_SIMPLE] DEBUG: [GENERATE_SIMPLE] imagepng() retornou SUCESSO. Verificando se o arquivo gerado é um PNG válido.
[2025-10-14 22:51:36] [GENERATE_SIMPLE] INFO: [GENERATE_SIMPLE] Certificado PNG gerado e salvo com sucesso em: /home/u335416710/domains/translators101.com/public_html/v/includes/../certificates/certificate_96b6197a-b474-40fc-bcb0-a1b29140e368.png. É um PNG válido.
[2025-10-14 22:51:36] [GENERATE_SIMPLE] SUCESSO: PNG gerado - /home/u335416710/domains/translators101.com/public_html/v/includes/../certificates/certificate_96b6197a-b474-40fc-bcb0-a1b29140e368.png
[2025-10-14 22:51:36] [GENERATE_SIMPLE] DEBUG: [GENERATE_SIMPLE] Iniciando geração de PDF T101 CORRIGIDO para ID: 96b6197a-b474-40fc-bcb0-a1b29140e368
[2025-10-14 22:51:36] [GENERATE_SIMPLE] DEBUG: [GENERATE_SIMPLE] TCPDF encontrado em: /home/u335416710/domains/translators101.com/public_html/v/includes/../vendor/tecnickcom/tcpdf/tcpdf.php
[2025-10-14 22:51:39] [GENERATE_SIMPLE] DEBUG: [GENERATE_SIMPLE] Template T101 oficial aplicado como fundo
[2025-10-14 22:51:39] [GENERATE_SIMPLE] DEBUG: URL de verificação gerada: https://v.translators101.com/verificar_certificado.php?id=96b6197a-b474-40fc-bcb0-a1b29140e368
[2025-10-14 22:51:40] [GENERATE_SIMPLE] DEBUG: [GENERATE_SIMPLE] QR Code T101 adicionado ao PDF (posição corrigida)
[2025-10-14 22:51:40] [GENERATE_SIMPLE] SUCESSO: [GENERATE_SIMPLE] PDF T101 CORRIGIDO gerado em: /home/u335416710/domains/translators101.com/public_html/v/includes/../certificates/certificate_96b6197a-b474-40fc-bcb0-a1b29140e368.pdf
[2025-10-14 22:51:40] [GENERATE_SIMPLE] SUCESSO: PDF gerado - /home/u335416710/domains/translators101.com/public_html/v/includes/../certificates/certificate_96b6197a-b474-40fc-bcb0-a1b29140e368.pdf
[2025-10-14 22:51:40] [GENERATE_SIMPLE] SUCESSO: Certificado gerado - ID: 96b6197a-b474-40fc-bcb0-a1b29140e368, PNG: SIM, PDF: SIM, Assistido: 3887s de 2820s (137.8%)
[2025-10-15 15:51:31] [PALESTRA] DEBUG: Script palestra.php iniciado.
[2025-10-15 15:51:31] [PALESTRA] DEBUG: Usuário tem permissão.
[2025-10-15 15:51:31] [PALESTRA] DEBUG: ID da palestra recebido: 4a48f791-1056-45d1-b51e-61d28b499833
[2025-10-15 15:51:31] [PALESTRA] DEBUG: Palestra 'T101+Phorte ' encontrada. Duração em minutos: 59
[2025-10-15 15:51:31] [PALESTRA] DEBUG: User ID da sessão ('945a97b5-bad5-42e4-81ea-390f85b9eac9') é válido e existe na tabela 'users'.
[2025-10-15 15:51:31] [PALESTRA] INFO: Novo log de acesso registrado para palestra 'T101+Phorte ' (User ID: 945a97b5-bad5-42e4-81ea-390f85b9eac9).
[2025-10-15 15:51:31] [PALESTRA] DEBUG: Progresso inicial carregado do DB (user_progress_seconds): 0
[2025-10-15 15:51:31] [PALESTRA] DEBUG: Palestras relacionadas buscadas para categoria ''.
[2025-10-15 15:51:31] [PALESTRA] DEBUG: Verificação de certificado existente para exibição inicial. ID existente: Nenhum
[2025-10-15 15:51:31] [PALESTRA] DEBUG: Panda Player Div ID extraído do embed: 'panda-4a48f791-1056-45d1-b51e-61d28b499833'
[2025-10-15 15:52:23] [PALESTRA] DEBUG: Script palestra.php iniciado.
[2025-10-15 15:52:23] [PALESTRA] DEBUG: Usuário tem permissão.
[2025-10-15 15:52:23] [PALESTRA] DEBUG: ID da palestra recebido: 4a48f791-1056-45d1-b51e-61d28b499833
[2025-10-15 15:52:23] [PALESTRA] DEBUG: Palestra 'T101+Phorte ' encontrada. Duração em minutos: 59
[2025-10-15 15:52:23] [PALESTRA] DEBUG: User ID da sessão ('945a97b5-bad5-42e4-81ea-390f85b9eac9') é válido e existe na tabela 'users'.
[2025-10-15 15:52:23] [PALESTRA] DEBUG: Log existente encontrado. Progresso: 27s
[2025-10-15 15:52:23] [PALESTRA] DEBUG: Progresso inicial carregado do DB (user_progress_seconds): 27
[2025-10-15 15:52:23] [PALESTRA] DEBUG: Palestras relacionadas buscadas para categoria ''.
[2025-10-15 15:52:23] [PALESTRA] DEBUG: Verificação de certificado existente para exibição inicial. ID existente: Nenhum
[2025-10-15 15:52:23] [PALESTRA] DEBUG: Panda Player Div ID extraído do embed: 'panda-4a48f791-1056-45d1-b51e-61d28b499833'
[2025-10-15 17:44:16] [PALESTRA] DEBUG: Script palestra.php iniciado.
[2025-10-15 17:44:16] [PALESTRA] DEBUG: Usuário tem permissão.
[2025-10-15 17:44:16] [PALESTRA] DEBUG: ID da palestra recebido: cf8f0150-b8cf-41f0-9cac-4cb608e012b1
[2025-10-15 17:44:16] [PALESTRA] DEBUG: Palestra 'Spin-off_13 ' encontrada. Duração em minutos: 90
[2025-10-15 17:44:16] [PALESTRA] DEBUG: User ID da sessão ('24c81dc9-f9da-4e92-b8a6-4902ab8badad') é válido e existe na tabela 'users'.
[2025-10-15 17:44:16] [PALESTRA] INFO: Novo log de acesso registrado para palestra 'Spin-off_13 ' (User ID: 24c81dc9-f9da-4e92-b8a6-4902ab8badad).
[2025-10-15 17:44:16] [PALESTRA] DEBUG: Progresso inicial carregado do DB (user_progress_seconds): 0
[2025-10-15 17:44:16] [PALESTRA] DEBUG: Palestras relacionadas buscadas para categoria ''.
[2025-10-15 17:44:16] [PALESTRA] DEBUG: Verificação de certificado existente para exibição inicial. ID existente: Nenhum
[2025-10-15 17:44:16] [PALESTRA] DEBUG: Panda Player Div ID extraído do embed: 'panda-cf8f0150-b8cf-41f0-9cac-4cb608e012b1'
[2025-10-15 19:06:47] [PALESTRA] DEBUG: Script palestra.php iniciado.
[2025-10-15 19:06:47] [PALESTRA] DEBUG: Usuário tem permissão.
[2025-10-15 19:06:47] [PALESTRA] DEBUG: ID da palestra recebido: 58727194-4915-4ec4-9016-2c8cd1d9ea7d
[2025-10-15 19:06:47] [PALESTRA] DEBUG: Palestra 'S08E01 — LinkedIn para Tradutores: O Caminho das Pedras (e os Tiros no Pé) — Karine Souto' encontrada. Duração em minutos: 74
[2025-10-15 19:06:47] [PALESTRA] DEBUG: User ID da sessão ('debug-user') é válido e existe na tabela 'users'.
[2025-10-15 19:06:47] [PALESTRA] DEBUG: Log existente encontrado. Progresso: 292s
[2025-10-15 19:06:47] [PALESTRA] DEBUG: Progresso inicial carregado do DB (user_progress_seconds): 292
[2025-10-15 19:06:47] [PALESTRA] DEBUG: Palestras relacionadas buscadas para categoria ''.
[2025-10-15 19:06:47] [PALESTRA] DEBUG: Verificação de certificado existente para exibição inicial. ID existente: Nenhum
[2025-10-15 19:06:47] [PALESTRA] DEBUG: Panda Player Div ID extraído do embed: 'panda-58727194-4915-4ec4-9016-2c8cd1d9ea7d'
[2025-10-15 23:22:18] [GENERATE_SIMPLE] Script generate_simple_certificate.php iniciado
[2025-10-15 23:22:18] [GENERATE_SIMPLE] Dados recebidos - Lecture: 4a48f791-1056-45d1-b51e-61d28b499833, User: 945a97b5-bad5-42e4-81ea-390f85b9eac9, Watched: 3540s
[2025-10-15 23:22:18] [GENERATE_SIMPLE] Iniciando validações simplificadas
[2025-10-15 23:22:18] [GENERATE_SIMPLE] Progresso no DB: 27011s, Enviado pelo cliente: 3540s
[2025-10-15 23:22:18] [GENERATE_SIMPLE] Tempo final considerado: 27011s
[2025-10-15 23:22:18] [GENERATE_SIMPLE] Duração total: 3540s, Requerido (85%): 3009s
[2025-10-15 23:22:18] [GENERATE_SIMPLE] Todas as validações passaram - gerando certificado
[2025-10-15 23:22:18] [GENERATE_SIMPLE] SUCESSO: Certificado inserido no banco - ID: f77b3d6f-71cf-4d9b-937d-c8dce8eda62b
[2025-10-15 23:22:18] [GENERATE_SIMPLE] DEBUG: [GENERATE_SIMPLE] Iniciando geração de PNG para ID: f77b3d6f-71cf-4d9b-937d-c8dce8eda62b
[2025-10-15 23:22:18] [GENERATE_SIMPLE] DEBUG: [GENERATE_SIMPLE] Conversão UTF-8 aplicada para geração.
[2025-10-15 23:22:18] [GENERATE_SIMPLE] DEBUG: [GENERATE_SIMPLE] Dimensões do template: Largura=3509, Altura=2481
[2025-10-15 23:22:18] [GENERATE_SIMPLE] DEBUG: [GENERATE_SIMPLE] Procurando fontes TTF para geração...
[2025-10-15 23:22:18] [GENERATE_SIMPLE] DEBUG: [GENERATE_SIMPLE] Fonte TTF Bold encontrada em: /home/u335416710/domains/translators101.com/public_html/v/includes/../fonts/DejaVuSans-Bold.ttf
[2025-10-15 23:22:18] [GENERATE_SIMPLE] DEBUG: [GENERATE_SIMPLE] Fonte TTF padrão encontrada em: /home/u335416710/domains/translators101.com/public_html/v/includes/../fonts/DejaVuSans-Bold.ttf
[2025-10-15 23:22:18] [GENERATE_SIMPLE] DEBUG: [GENERATE_SIMPLE] Usando imagettftext para geração.
[2025-10-15 23:22:18] [GENERATE_SIMPLE] DEBUG: [GENERATE_SIMPLE] Nome do usuário adicionado (X: 257, Y: 1100).
[2025-10-15 23:22:18] [GENERATE_SIMPLE] DEBUG: [GENERATE_SIMPLE] Processando título: 'T101+Phorte ' (tamanho: 12 caracteres)
[2025-10-15 23:22:18] [GENERATE_SIMPLE] DEBUG: [GENERATE_SIMPLE] Título curto - usando layout centralizado
[2025-10-15 23:22:18] [GENERATE_SIMPLE] DEBUG: [GENERATE_SIMPLE] Título curto centralizado adicionado (X: 1393, Y: 1400)
[2025-10-15 23:22:18] [GENERATE_SIMPLE] DEBUG: [GENERATE_SIMPLE] Duração da palestra adicionada (X: 2000, Y: 1570).
[2025-10-15 23:22:18] [GENERATE_SIMPLE] DEBUG: [GENERATE_SIMPLE] Data de emissão adicionada (X: 850, Y: 2330).
[2025-10-15 23:22:18] [GENERATE_SIMPLE] DEBUG: [GENERATE_SIMPLE] ID do certificado adicionado (X: 280, Y: 2430).
[2025-10-15 23:22:18] [GENERATE_SIMPLE] DEBUG: URL de verificação gerada: https://v.translators101.com/verificar_certificado.php?id=f77b3d6f-71cf-4d9b-937d-c8dce8eda62b
[2025-10-15 23:22:19] [GENERATE_SIMPLE] DEBUG: QR Code colado na imagem base.
[2025-10-15 23:22:19] [GENERATE_SIMPLE] DEBUG: [GENERATE_SIMPLE] QR Code adicionado à imagem durante a geração (X: 2989, Y: 2131, Tamanho: 300).
[2025-10-15 23:22:22] [GENERATE_SIMPLE] DEBUG: [GENERATE_SIMPLE] imagepng() retornou SUCESSO. Verificando se o arquivo gerado é um PNG válido.
[2025-10-15 23:22:22] [GENERATE_SIMPLE] INFO: [GENERATE_SIMPLE] Certificado PNG gerado e salvo com sucesso em: /home/u335416710/domains/translators101.com/public_html/v/includes/../certificates/certificate_f77b3d6f-71cf-4d9b-937d-c8dce8eda62b.png. É um PNG válido.
[2025-10-15 23:22:22] [GENERATE_SIMPLE] SUCESSO: PNG gerado - /home/u335416710/domains/translators101.com/public_html/v/includes/../certificates/certificate_f77b3d6f-71cf-4d9b-937d-c8dce8eda62b.png
[2025-10-15 23:22:22] [GENERATE_SIMPLE] DEBUG: [GENERATE_SIMPLE] Iniciando geração de PDF T101 CORRIGIDO para ID: f77b3d6f-71cf-4d9b-937d-c8dce8eda62b
[2025-10-15 23:22:22] [GENERATE_SIMPLE] DEBUG: [GENERATE_SIMPLE] TCPDF encontrado em: /home/u335416710/domains/translators101.com/public_html/v/includes/../vendor/tecnickcom/tcpdf/tcpdf.php
[2025-10-15 23:22:25] [GENERATE_SIMPLE] DEBUG: [GENERATE_SIMPLE] Template T101 oficial aplicado como fundo
[2025-10-15 23:22:25] [GENERATE_SIMPLE] DEBUG: URL de verificação gerada: https://v.translators101.com/verificar_certificado.php?id=f77b3d6f-71cf-4d9b-937d-c8dce8eda62b
[2025-10-15 23:22:26] [GENERATE_SIMPLE] DEBUG: [GENERATE_SIMPLE] QR Code T101 adicionado ao PDF (posição corrigida)
[2025-10-15 23:22:26] [GENERATE_SIMPLE] SUCESSO: [GENERATE_SIMPLE] PDF T101 CORRIGIDO gerado em: /home/u335416710/domains/translators101.com/public_html/v/includes/../certificates/certificate_f77b3d6f-71cf-4d9b-937d-c8dce8eda62b.pdf
[2025-10-15 23:22:26] [GENERATE_SIMPLE] SUCESSO: PDF gerado - /home/u335416710/domains/translators101.com/public_html/v/includes/../certificates/certificate_f77b3d6f-71cf-4d9b-937d-c8dce8eda62b.pdf
[2025-10-15 23:22:26] [GENERATE_SIMPLE] SUCESSO: Certificado gerado - ID: f77b3d6f-71cf-4d9b-937d-c8dce8eda62b, PNG: SIM, PDF: SIM, Assistido: 27011s de 3540s (763%)
[2025-10-16 00:39:54] [PALESTRA] DEBUG: Script palestra.php iniciado.
[2025-10-16 00:39:54] [PALESTRA] DEBUG: Usuário tem permissão.
[2025-10-16 00:39:54] [PALESTRA] DEBUG: ID da palestra recebido: cf8f0150-b8cf-41f0-9cac-4cb608e012b1
[2025-10-16 00:39:54] [PALESTRA] DEBUG: Palestra 'Spin-off_13 ' encontrada. Duração em minutos: 90
[2025-10-16 00:39:54] [PALESTRA] DEBUG: User ID da sessão ('24c81dc9-f9da-4e92-b8a6-4902ab8badad') é válido e existe na tabela 'users'.
[2025-10-16 00:39:54] [PALESTRA] DEBUG: Log existente encontrado. Progresso: 24928s
[2025-10-16 00:39:54] [PALESTRA] DEBUG: Progresso inicial carregado do DB (user_progress_seconds): 24928
[2025-10-16 00:39:54] [PALESTRA] DEBUG: Palestras relacionadas buscadas para categoria ''.
[2025-10-16 00:39:54] [PALESTRA] DEBUG: Verificação de certificado existente para exibição inicial. ID existente: Nenhum
[2025-10-16 00:39:54] [PALESTRA] DEBUG: Panda Player Div ID extraído do embed: 'panda-cf8f0150-b8cf-41f0-9cac-4cb608e012b1'
[2025-10-16 18:17:28] [PALESTRA] DEBUG: Script palestra.php iniciado.
[2025-10-16 18:17:28] [PALESTRA] DEBUG: Usuário tem permissão.
[2025-10-16 18:17:28] [PALESTRA] DEBUG: ID da palestra recebido: ef808d10-f13e-4ecf-9467-6da3b43f2770
[2025-10-16 18:17:28] [PALESTRA] DEBUG: Palestra 'S07E40 — Tort Law 101 e os casos mais bizarros dos EUA — Fernanda Vitarelli' encontrada. Duração em minutos: 82
[2025-10-16 18:17:28] [PALESTRA] DEBUG: User ID da sessão ('d6ad966b-9d81-11f0-916e-bad1eb27008a') é válido e existe na tabela 'users'.
[2025-10-16 18:17:28] [PALESTRA] INFO: Novo log de acesso registrado para palestra 'S07E40 — Tort Law 101 e os casos mais bizarros dos EUA — Fernanda Vitarelli' (User ID: d6ad966b-9d81-11f0-916e-bad1eb27008a).
[2025-10-16 18:17:28] [PALESTRA] DEBUG: Progresso inicial carregado do DB (user_progress_seconds): 0
[2025-10-16 18:17:28] [PALESTRA] DEBUG: Palestras relacionadas buscadas para categoria ''.
[2025-10-16 18:17:28] [PALESTRA] DEBUG: Verificação de certificado existente para exibição inicial. ID existente: Nenhum
[2025-10-16 18:17:28] [PALESTRA] DEBUG: Panda Player Div ID extraído do embed: 'panda-ef808d10-f13e-4ecf-9467-6da3b43f2770'
[2025-10-16 20:01:28] [REPORT_DOWNLOAD] User: debug-user downloaded report: relatorio_educacao_continuada_debug-user_2025-10-16_20-01-27.pdf (pdf)
[2025-10-16 20:51:53] [PALESTRA] DEBUG: Script palestra.php iniciado.
[2025-10-16 20:51:53] [PALESTRA] DEBUG: Usuário tem permissão.
[2025-10-16 20:51:53] [PALESTRA] DEBUG: ID da palestra recebido: ef808d10-f13e-4ecf-9467-6da3b43f2770
[2025-10-16 20:51:53] [PALESTRA] DEBUG: Palestra 'S07E40 — Tort Law 101 e os casos mais bizarros dos EUA — Fernanda Vitarelli' encontrada. Duração em minutos: 82
[2025-10-16 20:51:53] [PALESTRA] DEBUG: User ID da sessão ('d6ad966b-9d81-11f0-916e-bad1eb27008a') é válido e existe na tabela 'users'.
[2025-10-16 20:51:53] [PALESTRA] DEBUG: Log existente encontrado. Progresso: 1452s
[2025-10-16 20:51:53] [PALESTRA] DEBUG: Progresso inicial carregado do DB (user_progress_seconds): 1452
[2025-10-16 20:51:53] [PALESTRA] DEBUG: Palestras relacionadas buscadas para categoria ''.
[2025-10-16 20:51:53] [PALESTRA] DEBUG: Verificação de certificado existente para exibição inicial. ID existente: Nenhum
[2025-10-16 20:51:53] [PALESTRA] DEBUG: Panda Player Div ID extraído do embed: 'panda-ef808d10-f13e-4ecf-9467-6da3b43f2770'
[2025-10-17 02:01:57] [VIEW] DEBUG: Script view_certificate_files.php iniciado.
[2025-10-17 02:01:57] [VIEW] DEBUG: ID do certificado recebido: 0bee714c-73c9-4652-8f71-848da012f221
[2025-10-17 02:01:57] [VIEW] DEBUG: Dados do certificado encontrados no banco de dados para ID: 0bee714c-73c9-4652-8f71-848da012f221
[2025-10-17 02:01:57] [VIEW] DEBUG: Arquivo PNG encontrado: /home/u335416710/domains/translators101.com/public_html/v/certificates/certificate_0bee714c-73c9-4652-8f71-848da012f221.png
[2025-10-17 02:01:57] [VIEW] DEBUG: Script view_certificate_files.php iniciado.
[2025-10-17 02:01:57] [VIEW] DEBUG: ID do certificado recebido: 0bee714c-73c9-4652-8f71-848da012f221
[2025-10-17 02:01:57] [VIEW] DEBUG: Dados do certificado encontrados no banco de dados para ID: 0bee714c-73c9-4652-8f71-848da012f221
[2025-10-17 02:01:57] [VIEW] DEBUG: Arquivo PNG encontrado: /home/u335416710/domains/translators101.com/public_html/v/certificates/certificate_0bee714c-73c9-4652-8f71-848da012f221.png
[2025-10-17 02:01:57] [VIEW] DEBUG: Mostrando imagem diretamente: Certificado_WilliamCassemiro.png
[2025-10-17 02:01:57] [VIEW] INFO: Imagem PNG enviada para visualização direta.
[2025-10-17 15:22:53] [REPORT_DOWNLOAD] User: debug-user downloaded report: relatorio_educacao_continuada_debug-user_2025-10-17_15-22-53.pdf (pdf)
[2025-10-17 17:42:27] [PALESTRA] DEBUG: Script palestra.php iniciado.
[2025-10-17 17:42:27] [PALESTRA] DEBUG: Usuário tem permissão.
[2025-10-17 17:42:27] [PALESTRA] DEBUG: ID da palestra recebido: 2db053e9-a5d6-11f0-916e-bad1eb27008a
[2025-10-17 17:42:27] [PALESTRA] DEBUG: Palestra 'S08E32 — Fluência do idioma em dia. Mas como anda sua fluência cultural?' encontrada. Duração em minutos: 52
[2025-10-17 17:42:27] [PALESTRA] DEBUG: User ID da sessão ('630d1ae7-22dc-439b-8ff7-1c602c0f0ce3') é válido e existe na tabela 'users'.
[2025-10-17 17:42:27] [PALESTRA] INFO: Novo log de acesso registrado para palestra 'S08E32 — Fluência do idioma em dia. Mas como anda sua fluência cultural?' (User ID: 630d1ae7-22dc-439b-8ff7-1c602c0f0ce3).
[2025-10-17 17:42:27] [PALESTRA] DEBUG: Progresso inicial carregado do DB (user_progress_seconds): 0
[2025-10-17 17:42:27] [PALESTRA] DEBUG: Palestras relacionadas buscadas para categoria 'Geral'.
[2025-10-17 17:42:27] [PALESTRA] DEBUG: Verificação de certificado existente para exibição inicial. ID existente: Nenhum
[2025-10-17 17:42:27] [PALESTRA] DEBUG: Panda Player Div ID extraído do embed: 'panda-bb67c13b-4d93-4be3-8ff1-da9571a97cf9'
[2025-10-17 18:53:40] [PALESTRA] DEBUG: Script palestra.php iniciado.
[2025-10-17 18:53:40] [PALESTRA] DEBUG: Usuário tem permissão.
[2025-10-17 18:53:40] [PALESTRA] DEBUG: ID da palestra recebido: 799b34b6-d7d9-43c2-ab06-a10bd323df84
[2025-10-17 18:53:40] [PALESTRA] DEBUG: Palestra 'S08E15 — Tradução Médica e ChatGPT: do Prontuário ao Prompt — Luciana Bonancio' encontrada. Duração em minutos: 83
[2025-10-17 18:53:40] [PALESTRA] DEBUG: User ID da sessão ('f4c84ced-9d70-11f0-916e-bad1eb27008a') é válido e existe na tabela 'users'.
[2025-10-17 18:53:40] [PALESTRA] INFO: Novo log de acesso registrado para palestra 'S08E15 — Tradução Médica e ChatGPT: do Prontuário ao Prompt — Luciana Bonancio' (User ID: f4c84ced-9d70-11f0-916e-bad1eb27008a).
[2025-10-17 18:53:40] [PALESTRA] DEBUG: Progresso inicial carregado do DB (user_progress_seconds): 0
[2025-10-17 18:53:40] [PALESTRA] DEBUG: Palestras relacionadas buscadas para categoria ''.
[2025-10-17 18:53:40] [PALESTRA] DEBUG: Verificação de certificado existente para exibição inicial. ID existente: Nenhum
[2025-10-17 18:53:40] [PALESTRA] DEBUG: Panda Player Div ID extraído do embed: 'panda-799b34b6-d7d9-43c2-ab06-a10bd323df84'
[2025-10-19 18:07:42] [PALESTRA] DEBUG: Script palestra.php iniciado.
[2025-10-19 18:07:42] [PALESTRA] DEBUG: Usuário tem permissão.
[2025-10-19 18:07:42] [PALESTRA] DEBUG: ID da palestra recebido: 2971d3b0-5ff7-4958-ad5d-a3f4253c4184
[2025-10-19 18:07:42] [PALESTRA] DEBUG: Palestra 'T101 + TRADUSA ' encontrada. Duração em minutos: 88
[2025-10-19 18:07:42] [PALESTRA] DEBUG: User ID da sessão ('f4c84ced-9d70-11f0-916e-bad1eb27008a') é válido e existe na tabela 'users'.
[2025-10-19 18:07:42] [PALESTRA] INFO: Novo log de acesso registrado para palestra 'T101 + TRADUSA ' (User ID: f4c84ced-9d70-11f0-916e-bad1eb27008a).
[2025-10-19 18:07:42] [PALESTRA] DEBUG: Progresso inicial carregado do DB (user_progress_seconds): 0
[2025-10-19 18:07:42] [PALESTRA] DEBUG: Palestras relacionadas buscadas para categoria ''.
[2025-10-19 18:07:42] [PALESTRA] DEBUG: Verificação de certificado existente para exibição inicial. ID existente: Nenhum
[2025-10-19 18:07:42] [PALESTRA] DEBUG: Panda Player Div ID extraído do embed: 'panda-2971d3b0-5ff7-4958-ad5d-a3f4253c4184'
[2025-10-19 19:26:40] [PALESTRA] DEBUG: Script palestra.php iniciado.
[2025-10-19 19:26:40] [PALESTRA] DEBUG: Usuário tem permissão.
[2025-10-19 19:26:40] [PALESTRA] DEBUG: ID da palestra recebido: 2971d3b0-5ff7-4958-ad5d-a3f4253c4184
[2025-10-19 19:26:40] [PALESTRA] DEBUG: Palestra 'T101 + TRADUSA ' encontrada. Duração em minutos: 88
[2025-10-19 19:26:40] [PALESTRA] DEBUG: User ID da sessão ('f4c84ced-9d70-11f0-916e-bad1eb27008a') é válido e existe na tabela 'users'.
[2025-10-19 19:26:40] [PALESTRA] DEBUG: Log existente encontrado. Progresso: 4675s
[2025-10-19 19:26:40] [PALESTRA] DEBUG: Progresso inicial carregado do DB (user_progress_seconds): 4675
[2025-10-19 19:26:40] [PALESTRA] DEBUG: Palestras relacionadas buscadas para categoria ''.
[2025-10-19 19:26:40] [PALESTRA] DEBUG: Verificação de certificado existente para exibição inicial. ID existente: Nenhum
[2025-10-19 19:26:40] [PALESTRA] DEBUG: Panda Player Div ID extraído do embed: 'panda-2971d3b0-5ff7-4958-ad5d-a3f4253c4184'
[2025-10-19 19:37:58] [PALESTRA] DEBUG: Script palestra.php iniciado.
[2025-10-19 19:37:58] [PALESTRA] DEBUG: Usuário tem permissão.
[2025-10-19 19:37:58] [PALESTRA] DEBUG: ID da palestra recebido: 2971d3b0-5ff7-4958-ad5d-a3f4253c4184
[2025-10-19 19:37:58] [PALESTRA] DEBUG: Palestra 'T101 + TRADUSA ' encontrada. Duração em minutos: 88
[2025-10-19 19:37:58] [PALESTRA] DEBUG: User ID da sessão ('f4c84ced-9d70-11f0-916e-bad1eb27008a') é válido e existe na tabela 'users'.
[2025-10-19 19:37:58] [PALESTRA] DEBUG: Log existente encontrado. Progresso: 5297s
[2025-10-19 19:37:58] [PALESTRA] DEBUG: Progresso inicial carregado do DB (user_progress_seconds): 5297
[2025-10-19 19:37:58] [PALESTRA] DEBUG: Palestras relacionadas buscadas para categoria ''.
[2025-10-19 19:37:58] [PALESTRA] DEBUG: Verificação de certificado existente para exibição inicial. ID existente: Nenhum
[2025-10-19 19:37:58] [PALESTRA] DEBUG: Panda Player Div ID extraído do embed: 'panda-2971d3b0-5ff7-4958-ad5d-a3f4253c4184'
[2025-10-19 19:38:06] [GENERATE_SIMPLE] Script generate_simple_certificate.php iniciado
[2025-10-19 19:38:06] [GENERATE_SIMPLE] Dados recebidos - Lecture: 2971d3b0-5ff7-4958-ad5d-a3f4253c4184, User: f4c84ced-9d70-11f0-916e-bad1eb27008a, Watched: 5280s
[2025-10-19 19:38:06] [GENERATE_SIMPLE] Iniciando validações simplificadas
[2025-10-19 19:38:06] [GENERATE_SIMPLE] Progresso no DB: 5297s, Enviado pelo cliente: 5280s
[2025-10-19 19:38:06] [GENERATE_SIMPLE] Tempo final considerado: 5297s
[2025-10-19 19:38:06] [GENERATE_SIMPLE] Duração total: 5280s, Requerido (85%): 4488s
[2025-10-19 19:38:06] [GENERATE_SIMPLE] Todas as validações passaram - gerando certificado
[2025-10-19 19:38:06] [GENERATE_SIMPLE] SUCESSO: Certificado inserido no banco - ID: d5a0c58f-5bbf-4823-9625-0762ac62d385
[2025-10-19 19:38:06] [GENERATE_SIMPLE] DEBUG: [GENERATE_SIMPLE] Iniciando geração de PNG para ID: d5a0c58f-5bbf-4823-9625-0762ac62d385
[2025-10-19 19:38:07] [GENERATE_SIMPLE] DEBUG: [GENERATE_SIMPLE] Conversão UTF-8 aplicada para geração.
[2025-10-19 19:38:07] [GENERATE_SIMPLE] DEBUG: [GENERATE_SIMPLE] Dimensões do template: Largura=3509, Altura=2481
[2025-10-19 19:38:07] [GENERATE_SIMPLE] DEBUG: [GENERATE_SIMPLE] Procurando fontes TTF para geração...
[2025-10-19 19:38:07] [GENERATE_SIMPLE] DEBUG: [GENERATE_SIMPLE] Fonte TTF Bold encontrada em: /home/u335416710/domains/translators101.com/public_html/v/includes/../fonts/DejaVuSans-Bold.ttf
[2025-10-19 19:38:07] [GENERATE_SIMPLE] DEBUG: [GENERATE_SIMPLE] Fonte TTF padrão encontrada em: /home/u335416710/domains/translators101.com/public_html/v/includes/../fonts/DejaVuSans-Bold.ttf
[2025-10-19 19:38:07] [GENERATE_SIMPLE] DEBUG: [GENERATE_SIMPLE] Usando imagettftext para geração.
[2025-10-19 19:38:07] [GENERATE_SIMPLE] DEBUG: [GENERATE_SIMPLE] Nome do usuário adicionado (X: 1060, Y: 1100).
[2025-10-19 19:38:07] [GENERATE_SIMPLE] DEBUG: [GENERATE_SIMPLE] Processando título: 'T101 + TRADUSA ' (tamanho: 15 caracteres)
[2025-10-19 19:38:07] [GENERATE_SIMPLE] DEBUG: [GENERATE_SIMPLE] Título curto - usando layout centralizado
[2025-10-19 19:38:07] [GENERATE_SIMPLE] DEBUG: [GENERATE_SIMPLE] Título curto centralizado adicionado (X: 1287, Y: 1400)
[2025-10-19 19:38:07] [GENERATE_SIMPLE] DEBUG: [GENERATE_SIMPLE] Duração da palestra adicionada (X: 2000, Y: 1570).
[2025-10-19 19:38:07] [GENERATE_SIMPLE] DEBUG: [GENERATE_SIMPLE] Data de emissão adicionada (X: 850, Y: 2330).
[2025-10-19 19:38:07] [GENERATE_SIMPLE] DEBUG: [GENERATE_SIMPLE] ID do certificado adicionado (X: 280, Y: 2430).
[2025-10-19 19:38:07] [GENERATE_SIMPLE] DEBUG: URL de verificação gerada: https://v.translators101.com/verificar_certificado.php?id=d5a0c58f-5bbf-4823-9625-0762ac62d385
[2025-10-19 19:38:08] [GENERATE_SIMPLE] DEBUG: QR Code colado na imagem base.
[2025-10-19 19:38:08] [GENERATE_SIMPLE] DEBUG: [GENERATE_SIMPLE] QR Code adicionado à imagem durante a geração (X: 2989, Y: 2131, Tamanho: 300).
[2025-10-19 19:38:11] [GENERATE_SIMPLE] DEBUG: [GENERATE_SIMPLE] imagepng() retornou SUCESSO. Verificando se o arquivo gerado é um PNG válido.
[2025-10-19 19:38:11] [GENERATE_SIMPLE] INFO: [GENERATE_SIMPLE] Certificado PNG gerado e salvo com sucesso em: /home/u335416710/domains/translators101.com/public_html/v/includes/../certificates/certificate_d5a0c58f-5bbf-4823-9625-0762ac62d385.png. É um PNG válido.
[2025-10-19 19:38:11] [GENERATE_SIMPLE] SUCESSO: PNG gerado - /home/u335416710/domains/translators101.com/public_html/v/includes/../certificates/certificate_d5a0c58f-5bbf-4823-9625-0762ac62d385.png
[2025-10-19 19:38:11] [GENERATE_SIMPLE] DEBUG: [GENERATE_SIMPLE] Iniciando geração de PDF T101 CORRIGIDO para ID: d5a0c58f-5bbf-4823-9625-0762ac62d385
[2025-10-19 19:38:11] [GENERATE_SIMPLE] DEBUG: [GENERATE_SIMPLE] TCPDF encontrado em: /home/u335416710/domains/translators101.com/public_html/v/includes/../vendor/tecnickcom/tcpdf/tcpdf.php
[2025-10-19 19:38:14] [GENERATE_SIMPLE] DEBUG: [GENERATE_SIMPLE] Template T101 oficial aplicado como fundo
[2025-10-19 19:38:14] [GENERATE_SIMPLE] DEBUG: URL de verificação gerada: https://v.translators101.com/verificar_certificado.php?id=d5a0c58f-5bbf-4823-9625-0762ac62d385
[2025-10-19 19:38:15] [GENERATE_SIMPLE] DEBUG: [GENERATE_SIMPLE] QR Code T101 adicionado ao PDF (posição corrigida)
[2025-10-19 19:38:15] [GENERATE_SIMPLE] SUCESSO: [GENERATE_SIMPLE] PDF T101 CORRIGIDO gerado em: /home/u335416710/domains/translators101.com/public_html/v/includes/../certificates/certificate_d5a0c58f-5bbf-4823-9625-0762ac62d385.pdf
[2025-10-19 19:38:15] [GENERATE_SIMPLE] SUCESSO: PDF gerado - /home/u335416710/domains/translators101.com/public_html/v/includes/../certificates/certificate_d5a0c58f-5bbf-4823-9625-0762ac62d385.pdf
[2025-10-19 19:38:15] [GENERATE_SIMPLE] SUCESSO: Certificado gerado - ID: d5a0c58f-5bbf-4823-9625-0762ac62d385, PNG: SIM, PDF: SIM, Assistido: 5297s de 5280s (100.3%)
[2025-10-19 20:19:03] [PALESTRA] DEBUG: Script palestra.php iniciado.
[2025-10-19 20:19:03] [PALESTRA] DEBUG: Usuário tem permissão.
[2025-10-19 20:19:03] [PALESTRA] DEBUG: ID da palestra recebido: 2a933f97-38f6-4189-be16-142814af8e1d
[2025-10-19 20:19:03] [PALESTRA] DEBUG: Palestra 'TRADUSA — Assisti House. Estou pronto para traduzir' encontrada. Duração em minutos: 47
[2025-10-19 20:19:03] [PALESTRA] DEBUG: User ID da sessão ('f4c84ced-9d70-11f0-916e-bad1eb27008a') é válido e existe na tabela 'users'.
[2025-10-19 20:19:03] [PALESTRA] INFO: Novo log de acesso registrado para palestra 'TRADUSA — Assisti House. Estou pronto para traduzir' (User ID: f4c84ced-9d70-11f0-916e-bad1eb27008a).
[2025-10-19 20:19:03] [PALESTRA] DEBUG: Progresso inicial carregado do DB (user_progress_seconds): 0
[2025-10-19 20:19:03] [PALESTRA] DEBUG: Palestras relacionadas buscadas para categoria ''.
[2025-10-19 20:19:03] [PALESTRA] DEBUG: Verificação de certificado existente para exibição inicial. ID existente: Nenhum
[2025-10-19 20:19:03] [PALESTRA] DEBUG: Panda Player Div ID extraído do embed: 'panda-2a933f97-38f6-4189-be16-142814af8e1d'
[2025-10-19 21:03:39] [GENERATE_SIMPLE] Script generate_simple_certificate.php iniciado
[2025-10-19 21:03:39] [GENERATE_SIMPLE] Dados recebidos - Lecture: 2a933f97-38f6-4189-be16-142814af8e1d, User: f4c84ced-9d70-11f0-916e-bad1eb27008a, Watched: 2672s
[2025-10-19 21:03:39] [GENERATE_SIMPLE] Iniciando validações simplificadas
[2025-10-19 21:03:39] [GENERATE_SIMPLE] Progresso no DB: 2669s, Enviado pelo cliente: 2672s
[2025-10-19 21:03:39] [GENERATE_SIMPLE] Tempo final considerado: 2672s
[2025-10-19 21:03:39] [GENERATE_SIMPLE] Duração total: 2820s, Requerido (85%): 2397s
[2025-10-19 21:03:39] [GENERATE_SIMPLE] Todas as validações passaram - gerando certificado
[2025-10-19 21:03:39] [GENERATE_SIMPLE] SUCESSO: Certificado inserido no banco - ID: 1f342c60-8ebd-488c-a977-da635d150e68
[2025-10-19 21:03:39] [GENERATE_SIMPLE] DEBUG: [GENERATE_SIMPLE] Iniciando geração de PNG para ID: 1f342c60-8ebd-488c-a977-da635d150e68
[2025-10-19 21:03:39] [GENERATE_SIMPLE] DEBUG: [GENERATE_SIMPLE] Conversão UTF-8 aplicada para geração.
[2025-10-19 21:03:39] [GENERATE_SIMPLE] DEBUG: [GENERATE_SIMPLE] Dimensões do template: Largura=3509, Altura=2481
[2025-10-19 21:03:39] [GENERATE_SIMPLE] DEBUG: [GENERATE_SIMPLE] Procurando fontes TTF para geração...
[2025-10-19 21:03:39] [GENERATE_SIMPLE] DEBUG: [GENERATE_SIMPLE] Fonte TTF Bold encontrada em: /home/u335416710/domains/translators101.com/public_html/v/includes/../fonts/DejaVuSans-Bold.ttf
[2025-10-19 21:03:39] [GENERATE_SIMPLE] DEBUG: [GENERATE_SIMPLE] Fonte TTF padrão encontrada em: /home/u335416710/domains/translators101.com/public_html/v/includes/../fonts/DejaVuSans-Bold.ttf
[2025-10-19 21:03:39] [GENERATE_SIMPLE] DEBUG: [GENERATE_SIMPLE] Usando imagettftext para geração.
[2025-10-19 21:03:39] [GENERATE_SIMPLE] DEBUG: [GENERATE_SIMPLE] Nome do usuário adicionado (X: 1060, Y: 1100).
[2025-10-19 21:03:39] [GENERATE_SIMPLE] DEBUG: [GENERATE_SIMPLE] Processando título: 'TRADUSA — Assisti House. Estou pronto para traduzir' (tamanho: 53 caracteres)
[2025-10-19 21:03:39] [GENERATE_SIMPLE] DEBUG: [GENERATE_SIMPLE] Título curto - usando layout centralizado
[2025-10-19 21:03:39] [GENERATE_SIMPLE] DEBUG: [GENERATE_SIMPLE] Título curto centralizado adicionado (X: 334, Y: 1400)
[2025-10-19 21:03:39] [GENERATE_SIMPLE] DEBUG: [GENERATE_SIMPLE] Duração da palestra adicionada (X: 2000, Y: 1570).
[2025-10-19 21:03:39] [GENERATE_SIMPLE] DEBUG: [GENERATE_SIMPLE] Data de emissão adicionada (X: 850, Y: 2330).
[2025-10-19 21:03:39] [GENERATE_SIMPLE] DEBUG: [GENERATE_SIMPLE] ID do certificado adicionado (X: 280, Y: 2430).
[2025-10-19 21:03:39] [GENERATE_SIMPLE] DEBUG: URL de verificação gerada: https://v.translators101.com/verificar_certificado.php?id=1f342c60-8ebd-488c-a977-da635d150e68
[2025-10-19 21:03:40] [GENERATE_SIMPLE] DEBUG: QR Code colado na imagem base.
[2025-10-19 21:03:40] [GENERATE_SIMPLE] DEBUG: [GENERATE_SIMPLE] QR Code adicionado à imagem durante a geração (X: 2989, Y: 2131, Tamanho: 300).
[2025-10-19 21:03:44] [GENERATE_SIMPLE] DEBUG: [GENERATE_SIMPLE] imagepng() retornou SUCESSO. Verificando se o arquivo gerado é um PNG válido.
[2025-10-19 21:03:44] [GENERATE_SIMPLE] INFO: [GENERATE_SIMPLE] Certificado PNG gerado e salvo com sucesso em: /home/u335416710/domains/translators101.com/public_html/v/includes/../certificates/certificate_1f342c60-8ebd-488c-a977-da635d150e68.png. É um PNG válido.
[2025-10-19 21:03:44] [GENERATE_SIMPLE] SUCESSO: PNG gerado - /home/u335416710/domains/translators101.com/public_html/v/includes/../certificates/certificate_1f342c60-8ebd-488c-a977-da635d150e68.png
[2025-10-19 21:03:44] [GENERATE_SIMPLE] DEBUG: [GENERATE_SIMPLE] Iniciando geração de PDF T101 CORRIGIDO para ID: 1f342c60-8ebd-488c-a977-da635d150e68
[2025-10-19 21:03:44] [GENERATE_SIMPLE] DEBUG: [GENERATE_SIMPLE] TCPDF encontrado em: /home/u335416710/domains/translators101.com/public_html/v/includes/../vendor/tecnickcom/tcpdf/tcpdf.php
[2025-10-19 21:03:46] [GENERATE_SIMPLE] DEBUG: [GENERATE_SIMPLE] Template T101 oficial aplicado como fundo
[2025-10-19 21:03:46] [GENERATE_SIMPLE] DEBUG: URL de verificação gerada: https://v.translators101.com/verificar_certificado.php?id=1f342c60-8ebd-488c-a977-da635d150e68
[2025-10-19 21:03:47] [GENERATE_SIMPLE] DEBUG: [GENERATE_SIMPLE] QR Code T101 adicionado ao PDF (posição corrigida)
[2025-10-19 21:03:47] [GENERATE_SIMPLE] SUCESSO: [GENERATE_SIMPLE] PDF T101 CORRIGIDO gerado em: /home/u335416710/domains/translators101.com/public_html/v/includes/../certificates/certificate_1f342c60-8ebd-488c-a977-da635d150e68.pdf
[2025-10-19 21:03:47] [GENERATE_SIMPLE] SUCESSO: PDF gerado - /home/u335416710/domains/translators101.com/public_html/v/includes/../certificates/certificate_1f342c60-8ebd-488c-a977-da635d150e68.pdf
[2025-10-19 21:03:47] [GENERATE_SIMPLE] SUCESSO: Certificado gerado - ID: 1f342c60-8ebd-488c-a977-da635d150e68, PNG: SIM, PDF: SIM, Assistido: 2672s de 2820s (94.8%)
[2025-10-20 10:02:49] [ADMIN] DEBUG: [ADMIN_GENERATE] Iniciando geração de PNG para ID: 95ccb002-5328-4101-b549-0bc2f8ec2b7a
[2025-10-20 10:02:49] [ADMIN] DEBUG: [ADMIN_GENERATE] Conversão UTF-8 aplicada para geração.
[2025-10-20 10:02:49] [ADMIN] DEBUG: [ADMIN_GENERATE] Dimensões do template: Largura=3509, Altura=2481
[2025-10-20 10:02:49] [ADMIN] DEBUG: [ADMIN_GENERATE] Procurando fontes TTF para geração...
[2025-10-20 10:02:49] [ADMIN] DEBUG: [ADMIN_GENERATE] Fonte TTF Bold encontrada em: /home/u335416710/domains/translators101.com/public_html/v/includes/../fonts/DejaVuSans-Bold.ttf
[2025-10-20 10:02:49] [ADMIN] DEBUG: [ADMIN_GENERATE] Fonte TTF padrão encontrada em: /home/u335416710/domains/translators101.com/public_html/v/includes/../fonts/DejaVuSans-Bold.ttf
[2025-10-20 10:02:49] [ADMIN] DEBUG: [ADMIN_GENERATE] Usando imagettftext para geração.
[2025-10-20 10:02:49] [ADMIN] DEBUG: [ADMIN_GENERATE] Nome do usuário adicionado (X: 1299, Y: 1100).
[2025-10-20 10:02:49] [ADMIN] DEBUG: [ADMIN_GENERATE] Processando título: 'S08E31 — Tradução de rimas em jogos' (tamanho: 39 caracteres)
[2025-10-20 10:02:49] [ADMIN] DEBUG: [ADMIN_GENERATE] Título curto - usando layout centralizado
[2025-10-20 10:02:49] [ADMIN] DEBUG: [ADMIN_GENERATE] Título curto centralizado adicionado (X: 744.5, Y: 1400)
[2025-10-20 10:02:49] [ADMIN] DEBUG: [ADMIN_GENERATE] Duração da palestra adicionada (X: 2000, Y: 1570).
[2025-10-20 10:02:49] [ADMIN] DEBUG: [ADMIN_GENERATE] Data de emissão adicionada (X: 850, Y: 2330).
[2025-10-20 10:02:49] [ADMIN] DEBUG: [ADMIN_GENERATE] ID do certificado adicionado (X: 280, Y: 2430).
[2025-10-20 10:02:49] [ADMIN] DEBUG: URL de verificação gerada: https://v.translators101.com/verificar_certificado.php?id=95ccb002-5328-4101-b549-0bc2f8ec2b7a
[2025-10-20 10:02:50] [ADMIN] DEBUG: QR Code colado na imagem base.
[2025-10-20 10:02:50] [ADMIN] DEBUG: [ADMIN_GENERATE] QR Code adicionado à imagem durante a geração (X: 2989, Y: 2131, Tamanho: 300).
[2025-10-20 10:02:53] [ADMIN] DEBUG: [ADMIN_GENERATE] imagepng() retornou SUCESSO. Verificando se o arquivo gerado é um PNG válido.
[2025-10-20 10:02:53] [ADMIN] INFO: [ADMIN_GENERATE] Certificado PNG gerado e salvo com sucesso em: /home/u335416710/domains/translators101.com/public_html/v/includes/../certificates/certificate_95ccb002-5328-4101-b549-0bc2f8ec2b7a.png. É um PNG válido.
[2025-10-20 11:31:34] [DOWNLOAD] DEBUG: Script download_certificate_files.php iniciado.
[2025-10-20 11:31:34] [DOWNLOAD] INFO: Usuário não logado. Redirecionando para login.php.
[2025-10-20 11:31:35] [DOWNLOAD] DEBUG: Script download_certificate_files.php iniciado.
[2025-10-20 11:31:35] [DOWNLOAD] INFO: Usuário não logado. Redirecionando para login.php.
[2025-10-20 11:31:57] [DOWNLOAD] DEBUG: Script download_certificate_files.php iniciado.
[2025-10-20 11:31:57] [DOWNLOAD] INFO: Usuário não logado. Redirecionando para login.php.
[2025-10-20 14:31:58] [VIEW] DEBUG: Script view_certificate_files.php iniciado.
[2025-10-20 14:31:58] [VIEW] INFO: Usuário não logado. Redirecionando para login.php.
[2025-10-20 14:31:59] [VIEW] DEBUG: Script view_certificate_files.php iniciado.
[2025-10-20 14:31:59] [VIEW] INFO: Usuário não logado. Redirecionando para login.php.
[2025-10-20 14:32:14] [VIEW] DEBUG: Script view_certificate_files.php iniciado.
[2025-10-20 14:32:14] [VIEW] INFO: Usuário não logado. Redirecionando para login.php.
[2025-10-20 14:32:15] [VIEW] DEBUG: Script view_certificate_files.php iniciado.
[2025-10-20 14:32:15] [VIEW] INFO: Usuário não logado. Redirecionando para login.php.
[2025-10-20 14:32:43] [VIEW] DEBUG: Script view_certificate_files.php iniciado.
[2025-10-20 14:32:43] [VIEW] INFO: Usuário não logado. Redirecionando para login.php.
[2025-10-20 11:33:47] [DOWNLOAD] DEBUG: Script download_certificate_files.php iniciado.
[2025-10-20 11:33:47] [DOWNLOAD] INFO: Usuário não logado. Redirecionando para login.php.
[2025-10-20 11:33:47] [DOWNLOAD] DEBUG: Script download_certificate_files.php iniciado.
[2025-10-20 11:33:47] [DOWNLOAD] DEBUG: ID do certificado recebido: 95ccb002-5328-4101-b549-0bc2f8ec2b7a, formato solicitado: png
[2025-10-20 11:33:47] [DOWNLOAD] DEBUG: Dados do certificado encontrados no banco de dados.
[2025-10-20 11:33:47] [DOWNLOAD] DEBUG: Arquivo PNG encontrado: /home/u335416710/domains/translators101.com/public_html/v/certificates/certificate_95ccb002-5328-4101-b549-0bc2f8ec2b7a.png
[2025-10-20 11:33:47] [DOWNLOAD] DEBUG: Preparando download final: Certificado_Eulalia_Navarro_2025-10-20.png (Tipo: image/png) - Arquivo: /home/u335416710/domains/translators101.com/public_html/v/certificates/certificate_95ccb002-5328-4101-b549-0bc2f8ec2b7a.png
[2025-10-20 11:33:47] [DOWNLOAD] INFO: Arquivo Certificado_Eulalia_Navarro_2025-10-20.png enviado para download com sucesso.
[2025-10-20 18:54:11] [PALESTRA] DEBUG: Script palestra.php iniciado.
[2025-10-20 18:54:11] [PALESTRA] DEBUG: Usuário tem permissão.
[2025-10-20 18:54:11] [PALESTRA] DEBUG: ID da palestra recebido: 2db053e9-a5d6-11f0-916e-bad1eb27008a
[2025-10-20 18:54:11] [PALESTRA] DEBUG: Palestra 'S08E32 — Fluência do idioma em dia. Mas como anda sua fluência cultural?' encontrada. Duração em minutos: 52
[2025-10-20 18:54:11] [PALESTRA] DEBUG: User ID da sessão ('19728efd-187b-4dfe-acff-5bdc37dd2551') é válido e existe na tabela 'users'.
[2025-10-20 18:54:11] [PALESTRA] INFO: Novo log de acesso registrado para palestra 'S08E32 — Fluência do idioma em dia. Mas como anda sua fluência cultural?' (User ID: 19728efd-187b-4dfe-acff-5bdc37dd2551).
[2025-10-20 18:54:11] [PALESTRA] DEBUG: Progresso inicial carregado do DB (user_progress_seconds): 0
[2025-10-20 18:54:11] [PALESTRA] DEBUG: Palestras relacionadas buscadas para categoria 'Geral'.
[2025-10-20 18:54:11] [PALESTRA] DEBUG: Verificação de certificado existente para exibição inicial. ID existente: Nenhum
[2025-10-20 18:54:11] [PALESTRA] DEBUG: Panda Player Div ID extraído do embed: 'panda-bb67c13b-4d93-4be3-8ff1-da9571a97cf9'
[2025-10-20 21:47:34] [PALESTRA] DEBUG: Script palestra.php iniciado.
[2025-10-20 21:47:34] [PALESTRA] DEBUG: Usuário tem permissão.
[2025-10-20 21:47:34] [PALESTRA] DEBUG: ID da palestra recebido: 2074ec1d-ac57-11f0-916e-bad1eb27008a
[2025-10-20 21:47:34] [PALESTRA] DEBUG: Palestra 'S08E34 — Neurodiversidade e poliglotismo' encontrada. Duração em minutos: 117
[2025-10-20 21:47:34] [PALESTRA] DEBUG: User ID da sessão ('8424346b-6909-4ae2-9c1e-abac1d0949a5') é válido e existe na tabela 'users'.
[2025-10-20 21:47:34] [PALESTRA] INFO: Novo log de acesso registrado para palestra 'S08E34 — Neurodiversidade e poliglotismo' (User ID: 8424346b-6909-4ae2-9c1e-abac1d0949a5).
[2025-10-20 21:47:34] [PALESTRA] DEBUG: Progresso inicial carregado do DB (user_progress_seconds): 0
[2025-10-20 21:47:34] [PALESTRA] DEBUG: Palestras relacionadas buscadas para categoria 'Geral'.
[2025-10-20 21:47:34] [PALESTRA] DEBUG: Verificação de certificado existente para exibição inicial. ID existente: Nenhum
[2025-10-20 21:47:34] [PALESTRA] DEBUG: Panda Player Div ID extraído do embed: 'panda-c80b6fdf-675e-4cd0-b723-2d98a926ad77'
[2025-10-20 21:49:54] [PALESTRA] DEBUG: Script palestra.php iniciado.
[2025-10-20 21:49:54] [PALESTRA] DEBUG: Usuário tem permissão.
[2025-10-20 21:49:54] [PALESTRA] DEBUG: ID da palestra recebido: 9744bfe0-ab7e-11f0-916e-bad1eb27008a
[2025-10-20 21:49:54] [PALESTRA] DEBUG: Palestra 'S08E33 — TDAH, autismo ou altas habilidades? Então, use seus superpoderes na tradução' encontrada. Duração em minutos: 92
[2025-10-20 21:49:54] [PALESTRA] DEBUG: User ID da sessão ('8424346b-6909-4ae2-9c1e-abac1d0949a5') é válido e existe na tabela 'users'.
[2025-10-20 21:49:54] [PALESTRA] INFO: Novo log de acesso registrado para palestra 'S08E33 — TDAH, autismo ou altas habilidades? Então, use seus superpoderes na tradução' (User ID: 8424346b-6909-4ae2-9c1e-abac1d0949a5).
[2025-10-20 21:49:54] [PALESTRA] DEBUG: Progresso inicial carregado do DB (user_progress_seconds): 0
[2025-10-20 21:49:54] [PALESTRA] DEBUG: Palestras relacionadas buscadas para categoria 'Geral'.
[2025-10-20 21:49:54] [PALESTRA] DEBUG: Verificação de certificado existente para exibição inicial. ID existente: Nenhum
[2025-10-20 21:49:54] [PALESTRA] DEBUG: Panda Player Div ID extraído do embed: 'panda-9b6c3409-36bd-4314-a418-b2077b81cee5'
[2025-10-20 21:53:26] [PALESTRA] DEBUG: Script palestra.php iniciado.
[2025-10-20 21:53:26] [PALESTRA] DEBUG: Usuário tem permissão.
[2025-10-20 21:53:26] [PALESTRA] DEBUG: ID da palestra recebido: 992e56a8-1809-4965-a8df-2c1a5abb7dd1
[2025-10-20 21:53:26] [PALESTRA] DEBUG: Palestra 'S08E05 — Corpora de Aprendizes de Tradução: Análise e Aplicações — Joacyr Oliveira' encontrada. Duração em minutos: 78
[2025-10-20 21:53:26] [PALESTRA] DEBUG: User ID da sessão ('8424346b-6909-4ae2-9c1e-abac1d0949a5') é válido e existe na tabela 'users'.
[2025-10-20 21:53:26] [PALESTRA] INFO: Novo log de acesso registrado para palestra 'S08E05 — Corpora de Aprendizes de Tradução: Análise e Aplicações — Joacyr Oliveira' (User ID: 8424346b-6909-4ae2-9c1e-abac1d0949a5).
[2025-10-20 21:53:26] [PALESTRA] DEBUG: Progresso inicial carregado do DB (user_progress_seconds): 0
[2025-10-20 21:53:26] [PALESTRA] DEBUG: Palestras relacionadas buscadas para categoria ''.
[2025-10-20 21:53:26] [PALESTRA] DEBUG: Verificação de certificado existente para exibição inicial. ID existente: 9b6996eb-762c-41f1-aacb-237da62d82d0
[2025-10-20 21:53:26] [PALESTRA] DEBUG: Panda Player Div ID extraído do embed: 'panda-992e56a8-1809-4965-a8df-2c1a5abb7dd1'
[2025-10-20 19:23:45] [ADMIN] DEBUG: [ADMIN_GENERATE] Iniciando geração de PNG para ID: e8968786-60fa-433f-b3c4-73cd89a43952
[2025-10-20 19:23:45] [ADMIN] DEBUG: [ADMIN_GENERATE] Conversão UTF-8 aplicada para geração.
[2025-10-20 19:23:45] [ADMIN] DEBUG: [ADMIN_GENERATE] Dimensões do template: Largura=3509, Altura=2481
[2025-10-20 19:23:45] [ADMIN] DEBUG: [ADMIN_GENERATE] Procurando fontes TTF para geração...
[2025-10-20 19:23:45] [ADMIN] DEBUG: [ADMIN_GENERATE] Fonte TTF Bold encontrada em: /home/u335416710/domains/translators101.com/public_html/v/includes/../fonts/DejaVuSans-Bold.ttf
[2025-10-20 19:23:45] [ADMIN] DEBUG: [ADMIN_GENERATE] Fonte TTF padrão encontrada em: /home/u335416710/domains/translators101.com/public_html/v/includes/../fonts/DejaVuSans-Bold.ttf
[2025-10-20 19:23:45] [ADMIN] DEBUG: [ADMIN_GENERATE] Usando imagettftext para geração.
[2025-10-20 19:23:45] [ADMIN] DEBUG: [ADMIN_GENERATE] Nome do usuário adicionado (X: 1169.5, Y: 1100).
[2025-10-20 19:23:45] [ADMIN] DEBUG: [ADMIN_GENERATE] Processando título: 'S08E34 — Neurodiversidade e poliglotismo' (tamanho: 42 caracteres)
[2025-10-20 19:23:45] [ADMIN] DEBUG: [ADMIN_GENERATE] Título curto - usando layout centralizado
[2025-10-20 19:23:45] [ADMIN] DEBUG: [ADMIN_GENERATE] Título curto centralizado adicionado (X: 625, Y: 1400)
[2025-10-20 19:23:45] [ADMIN] DEBUG: [ADMIN_GENERATE] Duração da palestra adicionada (X: 2000, Y: 1570).
[2025-10-20 19:23:45] [ADMIN] DEBUG: [ADMIN_GENERATE] Data de emissão adicionada (X: 850, Y: 2330).
[2025-10-20 19:23:45] [ADMIN] DEBUG: [ADMIN_GENERATE] ID do certificado adicionado (X: 280, Y: 2430).
[2025-10-20 19:23:45] [ADMIN] DEBUG: URL de verificação gerada: https://v.translators101.com/verificar_certificado.php?id=e8968786-60fa-433f-b3c4-73cd89a43952
[2025-10-20 19:23:46] [ADMIN] DEBUG: QR Code colado na imagem base.
[2025-10-20 19:23:46] [ADMIN] DEBUG: [ADMIN_GENERATE] QR Code adicionado à imagem durante a geração (X: 2989, Y: 2131, Tamanho: 300).
[2025-10-20 19:23:49] [ADMIN] DEBUG: [ADMIN_GENERATE] imagepng() retornou SUCESSO. Verificando se o arquivo gerado é um PNG válido.
[2025-10-20 19:23:49] [ADMIN] INFO: [ADMIN_GENERATE] Certificado PNG gerado e salvo com sucesso em: /home/u335416710/domains/translators101.com/public_html/v/includes/../certificates/certificate_e8968786-60fa-433f-b3c4-73cd89a43952.png. É um PNG válido.
[2025-10-20 19:23:50] [ADMIN] DEBUG: [ADMIN_GENERATE] Iniciando geração de PNG para ID: 34d71f40-8c75-4e34-b69b-c87318767965
[2025-10-20 19:23:50] [ADMIN] DEBUG: [ADMIN_GENERATE] Conversão UTF-8 aplicada para geração.
[2025-10-20 19:23:50] [ADMIN] DEBUG: [ADMIN_GENERATE] Dimensões do template: Largura=3509, Altura=2481
[2025-10-20 19:23:50] [ADMIN] DEBUG: [ADMIN_GENERATE] Procurando fontes TTF para geração...
[2025-10-20 19:23:50] [ADMIN] DEBUG: [ADMIN_GENERATE] Fonte TTF Bold encontrada em: /home/u335416710/domains/translators101.com/public_html/v/includes/../fonts/DejaVuSans-Bold.ttf
[2025-10-20 19:23:50] [ADMIN] DEBUG: [ADMIN_GENERATE] Fonte TTF padrão encontrada em: /home/u335416710/domains/translators101.com/public_html/v/includes/../fonts/DejaVuSans-Bold.ttf
[2025-10-20 19:23:50] [ADMIN] DEBUG: [ADMIN_GENERATE] Usando imagettftext para geração.
[2025-10-20 19:23:50] [ADMIN] DEBUG: [ADMIN_GENERATE] Nome do usuário adicionado (X: 1169.5, Y: 1100).
[2025-10-20 19:23:50] [ADMIN] DEBUG: [ADMIN_GENERATE] Processando título: 'S08E33 — TDAH, autismo ou altas habilidades? Então, use seus superpoderes na tradução' (tamanho: 90 caracteres)
[2025-10-20 19:23:50] [ADMIN] DEBUG: [ADMIN_GENERATE] Título longo detectado - aplicando quebra de linha inteligente
[2025-10-20 19:23:50] [ADMIN] DEBUG: [ADMIN_GENERATE] Linha 1: 'S08E33 — TDAH, autismo ou altas habilidades? Então,'
[2025-10-20 19:23:50] [ADMIN] DEBUG: [ADMIN_GENERATE] Linha 2: 'use seus superpoderes na tradução'
[2025-10-20 19:23:50] [ADMIN] DEBUG: [ADMIN_GENERATE] Linha 1 adicionada (X: 741.5, Y: 1350)
[2025-10-20 19:23:50] [ADMIN] DEBUG: [ADMIN_GENERATE] Linha 2 adicionada (X: 1087.5, Y: 1410)
[2025-10-20 19:23:50] [ADMIN] DEBUG: [ADMIN_GENERATE] Duração da palestra adicionada (X: 2000, Y: 1570).
[2025-10-20 19:23:50] [ADMIN] DEBUG: [ADMIN_GENERATE] Data de emissão adicionada (X: 850, Y: 2330).
[2025-10-20 19:23:50] [ADMIN] DEBUG: [ADMIN_GENERATE] ID do certificado adicionado (X: 280, Y: 2430).
[2025-10-20 19:23:50] [ADMIN] DEBUG: URL de verificação gerada: https://v.translators101.com/verificar_certificado.php?id=34d71f40-8c75-4e34-b69b-c87318767965
[2025-10-20 19:23:51] [ADMIN] DEBUG: QR Code colado na imagem base.
[2025-10-20 19:23:51] [ADMIN] DEBUG: [ADMIN_GENERATE] QR Code adicionado à imagem durante a geração (X: 2989, Y: 2131, Tamanho: 300).
[2025-10-20 19:23:54] [ADMIN] DEBUG: [ADMIN_GENERATE] imagepng() retornou SUCESSO. Verificando se o arquivo gerado é um PNG válido.
[2025-10-20 19:23:54] [ADMIN] INFO: [ADMIN_GENERATE] Certificado PNG gerado e salvo com sucesso em: /home/u335416710/domains/translators101.com/public_html/v/includes/../certificates/certificate_34d71f40-8c75-4e34-b69b-c87318767965.png. É um PNG válido.
[2025-10-20 19:28:15] [DOWNLOAD] DEBUG: Script download_certificate_files.php iniciado.
[2025-10-20 19:28:15] [DOWNLOAD] DEBUG: ID do certificado recebido: e8968786-60fa-433f-b3c4-73cd89a43952, formato solicitado: png
[2025-10-20 19:28:15] [DOWNLOAD] DEBUG: Dados do certificado encontrados no banco de dados.
[2025-10-20 19:28:15] [DOWNLOAD] DEBUG: Arquivo PNG encontrado: /home/u335416710/domains/translators101.com/public_html/v/certificates/certificate_e8968786-60fa-433f-b3c4-73cd89a43952.png
[2025-10-20 19:28:15] [DOWNLOAD] DEBUG: Preparando download final: Certificado_Cl__udia_S_Alc__ntara_2025-10-20.png (Tipo: image/png) - Arquivo: /home/u335416710/domains/translators101.com/public_html/v/certificates/certificate_e8968786-60fa-433f-b3c4-73cd89a43952.png
[2025-10-20 19:28:16] [DOWNLOAD] INFO: Arquivo Certificado_Cl__udia_S_Alc__ntara_2025-10-20.png enviado para download com sucesso.
[2025-10-20 19:28:54] [DOWNLOAD] DEBUG: Script download_certificate_files.php iniciado.
[2025-10-20 19:28:54] [DOWNLOAD] DEBUG: ID do certificado recebido: 34d71f40-8c75-4e34-b69b-c87318767965, formato solicitado: png
[2025-10-20 19:28:54] [DOWNLOAD] DEBUG: Dados do certificado encontrados no banco de dados.
[2025-10-20 19:28:54] [DOWNLOAD] DEBUG: Arquivo PNG encontrado: /home/u335416710/domains/translators101.com/public_html/v/certificates/certificate_34d71f40-8c75-4e34-b69b-c87318767965.png
[2025-10-20 19:28:54] [DOWNLOAD] DEBUG: Preparando download final: Certificado_Cl__udia_S_Alc__ntara_2025-10-20.png (Tipo: image/png) - Arquivo: /home/u335416710/domains/translators101.com/public_html/v/certificates/certificate_34d71f40-8c75-4e34-b69b-c87318767965.png
[2025-10-20 19:28:55] [DOWNLOAD] INFO: Arquivo Certificado_Cl__udia_S_Alc__ntara_2025-10-20.png enviado para download com sucesso.
[2025-10-21 17:37:37] [PALESTRA] DEBUG: Script palestra.php iniciado.
[2025-10-21 17:37:37] [PALESTRA] DEBUG: Usuário tem permissão.
[2025-10-21 17:37:37] [PALESTRA] DEBUG: ID da palestra recebido: bbf65af5-650a-4d7d-b61e-fe007123ff68
[2025-10-21 17:37:37] [PALESTRA] DEBUG: Palestra 'S02E06 — Abordagem a agências pelo LinkedIn — André Ribeiro' encontrada. Duração em minutos: 58
[2025-10-21 17:37:37] [PALESTRA] DEBUG: User ID da sessão ('848ed1ac-9e27-11f0-916e-bad1eb27008a') é válido e existe na tabela 'users'.
[2025-10-21 17:37:37] [PALESTRA] INFO: Novo log de acesso registrado para palestra 'S02E06 — Abordagem a agências pelo LinkedIn — André Ribeiro' (User ID: 848ed1ac-9e27-11f0-916e-bad1eb27008a).
[2025-10-21 17:37:37] [PALESTRA] DEBUG: Progresso inicial carregado do DB (user_progress_seconds): 0
[2025-10-21 17:37:37] [PALESTRA] DEBUG: Palestras relacionadas buscadas para categoria ''.
[2025-10-21 17:37:37] [PALESTRA] DEBUG: Verificação de certificado existente para exibição inicial. ID existente: Nenhum
[2025-10-21 17:37:37] [PALESTRA] DEBUG: Panda Player Div ID extraído do embed: 'panda-bbf65af5-650a-4d7d-b61e-fe007123ff68'
[2025-10-21 18:26:42] [PALESTRA] DEBUG: Script palestra.php iniciado.
[2025-10-21 18:26:42] [PALESTRA] DEBUG: Usuário tem permissão.
[2025-10-21 18:26:42] [PALESTRA] DEBUG: ID da palestra recebido: e5c63e14-e00a-4929-ab10-f287dec0e39f
[2025-10-21 18:26:42] [PALESTRA] DEBUG: Palestra 'Maratona — LinkedIn' encontrada. Duração em minutos: 105
[2025-10-21 18:26:42] [PALESTRA] DEBUG: User ID da sessão ('848ed1ac-9e27-11f0-916e-bad1eb27008a') é válido e existe na tabela 'users'.
[2025-10-21 18:26:42] [PALESTRA] INFO: Novo log de acesso registrado para palestra 'Maratona — LinkedIn' (User ID: 848ed1ac-9e27-11f0-916e-bad1eb27008a).
[2025-10-21 18:26:42] [PALESTRA] DEBUG: Progresso inicial carregado do DB (user_progress_seconds): 0
[2025-10-21 18:26:42] [PALESTRA] DEBUG: Palestras relacionadas buscadas para categoria ''.
[2025-10-21 18:26:42] [PALESTRA] DEBUG: Verificação de certificado existente para exibição inicial. ID existente: Nenhum
[2025-10-21 18:26:42] [PALESTRA] DEBUG: Panda Player Div ID extraído do embed: 'panda-e5c63e14-e00a-4929-ab10-f287dec0e39f'
[2025-10-21 20:13:25] [PALESTRA] DEBUG: Script palestra.php iniciado.
[2025-10-21 20:13:25] [PALESTRA] DEBUG: Usuário tem permissão.
[2025-10-21 20:13:25] [PALESTRA] DEBUG: ID da palestra recebido: 58727194-4915-4ec4-9016-2c8cd1d9ea7d
[2025-10-21 20:13:25] [PALESTRA] DEBUG: Palestra 'S08E01 — LinkedIn para Tradutores: O Caminho das Pedras (e os Tiros no Pé) — Karine Souto' encontrada. Duração em minutos: 74
[2025-10-21 20:13:25] [PALESTRA] DEBUG: User ID da sessão ('848ed1ac-9e27-11f0-916e-bad1eb27008a') é válido e existe na tabela 'users'.
[2025-10-21 20:13:25] [PALESTRA] INFO: Novo log de acesso registrado para palestra 'S08E01 — LinkedIn para Tradutores: O Caminho das Pedras (e os Tiros no Pé) — Karine Souto' (User ID: 848ed1ac-9e27-11f0-916e-bad1eb27008a).
[2025-10-21 20:13:25] [PALESTRA] DEBUG: Progresso inicial carregado do DB (user_progress_seconds): 0
[2025-10-21 20:13:25] [PALESTRA] DEBUG: Palestras relacionadas buscadas para categoria ''.
[2025-10-21 20:13:25] [PALESTRA] DEBUG: Verificação de certificado existente para exibição inicial. ID existente: Nenhum
[2025-10-21 20:13:25] [PALESTRA] DEBUG: Panda Player Div ID extraído do embed: 'panda-58727194-4915-4ec4-9016-2c8cd1d9ea7d'
[2025-10-21 21:26:01] [PALESTRA] DEBUG: Script palestra.php iniciado.
[2025-10-21 21:26:01] [PALESTRA] DEBUG: Usuário tem permissão.
[2025-10-21 21:26:01] [PALESTRA] DEBUG: ID da palestra recebido: 58727194-4915-4ec4-9016-2c8cd1d9ea7d
[2025-10-21 21:26:01] [PALESTRA] DEBUG: Palestra 'S08E01 — LinkedIn para Tradutores: O Caminho das Pedras (e os Tiros no Pé) — Karine Souto' encontrada. Duração em minutos: 74
[2025-10-21 21:26:01] [PALESTRA] DEBUG: User ID da sessão ('848ed1ac-9e27-11f0-916e-bad1eb27008a') é válido e existe na tabela 'users'.
[2025-10-21 21:26:01] [PALESTRA] DEBUG: Log existente encontrado. Progresso: 2943s
[2025-10-21 21:26:01] [PALESTRA] DEBUG: Progresso inicial carregado do DB (user_progress_seconds): 2943
[2025-10-21 21:26:01] [PALESTRA] DEBUG: Palestras relacionadas buscadas para categoria ''.
[2025-10-21 21:26:01] [PALESTRA] DEBUG: Verificação de certificado existente para exibição inicial. ID existente: Nenhum
[2025-10-21 21:26:01] [PALESTRA] DEBUG: Panda Player Div ID extraído do embed: 'panda-58727194-4915-4ec4-9016-2c8cd1d9ea7d'
[2025-10-21 23:35:30] [VIEW] DEBUG: Script view_certificate_files.php iniciado.
[2025-10-21 23:35:30] [VIEW] DEBUG: ID do certificado recebido: 34d71f40-8c75-4e34-b69b-c87318767965
[2025-10-21 23:35:30] [VIEW] DEBUG: Dados do certificado encontrados no banco de dados para ID: 34d71f40-8c75-4e34-b69b-c87318767965
[2025-10-21 23:35:30] [VIEW] DEBUG: Arquivo PNG encontrado: /home/u335416710/domains/translators101.com/public_html/v/certificates/certificate_34d71f40-8c75-4e34-b69b-c87318767965.png
[2025-10-21 23:35:30] [VIEW] DEBUG: Script view_certificate_files.php iniciado.
[2025-10-21 23:35:30] [VIEW] DEBUG: ID do certificado recebido: 34d71f40-8c75-4e34-b69b-c87318767965
[2025-10-21 23:35:30] [VIEW] DEBUG: Dados do certificado encontrados no banco de dados para ID: 34d71f40-8c75-4e34-b69b-c87318767965
[2025-10-21 23:35:30] [VIEW] DEBUG: Arquivo PNG encontrado: /home/u335416710/domains/translators101.com/public_html/v/certificates/certificate_34d71f40-8c75-4e34-b69b-c87318767965.png
[2025-10-21 23:35:30] [VIEW] DEBUG: Mostrando imagem diretamente: Certificado_CludiaSAlcntara.png
[2025-10-21 23:35:30] [VIEW] INFO: Imagem PNG enviada para visualização direta.
[2025-10-21 23:36:48] [REPORT_DOWNLOAD] User: debug-user downloaded report: relatorio_educacao_continuada_debug-user_2025-10-21_23-36-48.pdf (pdf)
[2025-10-22 12:18:06] [PALESTRA] DEBUG: Script palestra.php iniciado.
[2025-10-22 12:18:06] [PALESTRA] DEBUG: Usuário tem permissão.
[2025-10-22 12:18:06] [PALESTRA] DEBUG: ID da palestra recebido: 58727194-4915-4ec4-9016-2c8cd1d9ea7d
[2025-10-22 12:18:06] [PALESTRA] DEBUG: Palestra 'S08E01 — LinkedIn para Tradutores: O Caminho das Pedras (e os Tiros no Pé) — Karine Souto' encontrada. Duração em minutos: 74
[2025-10-22 12:18:06] [PALESTRA] DEBUG: User ID da sessão ('848ed1ac-9e27-11f0-916e-bad1eb27008a') é válido e existe na tabela 'users'.
[2025-10-22 12:18:06] [PALESTRA] DEBUG: Log existente encontrado. Progresso: 4382s
[2025-10-22 12:18:06] [PALESTRA] DEBUG: Progresso inicial carregado do DB (user_progress_seconds): 4382
[2025-10-22 12:18:06] [PALESTRA] DEBUG: Palestras relacionadas buscadas para categoria ''.
[2025-10-22 12:18:06] [PALESTRA] DEBUG: Verificação de certificado existente para exibição inicial. ID existente: Nenhum
[2025-10-22 12:18:06] [PALESTRA] DEBUG: Panda Player Div ID extraído do embed: 'panda-58727194-4915-4ec4-9016-2c8cd1d9ea7d'
[2025-10-22 17:55:04] [PALESTRA] DEBUG: Script palestra.php iniciado.
[2025-10-22 17:55:04] [PALESTRA] DEBUG: Usuário tem permissão.
[2025-10-22 17:55:04] [PALESTRA] DEBUG: ID da palestra recebido: e282485d-a9f0-4d08-94c7-a39bacf82e2a
[2025-10-22 17:55:04] [PALESTRA] DEBUG: Palestra 'Oficina de LinkedIn II ' encontrada. Duração em minutos: 61
[2025-10-22 17:55:04] [PALESTRA] DEBUG: User ID da sessão ('848ed1ac-9e27-11f0-916e-bad1eb27008a') é válido e existe na tabela 'users'.
[2025-10-22 17:55:04] [PALESTRA] INFO: Novo log de acesso registrado para palestra 'Oficina de LinkedIn II ' (User ID: 848ed1ac-9e27-11f0-916e-bad1eb27008a).
[2025-10-22 17:55:04] [PALESTRA] DEBUG: Progresso inicial carregado do DB (user_progress_seconds): 0
[2025-10-22 17:55:04] [PALESTRA] DEBUG: Palestras relacionadas buscadas para categoria ''.
[2025-10-22 17:55:04] [PALESTRA] DEBUG: Verificação de certificado existente para exibição inicial. ID existente: Nenhum
[2025-10-22 17:55:04] [PALESTRA] DEBUG: Panda Player Div ID extraído do embed: 'panda-e282485d-a9f0-4d08-94c7-a39bacf82e2a'
[2025-10-22 22:34:00] [PALESTRA] DEBUG: Script palestra.php iniciado.
[2025-10-22 22:34:00] [PALESTRA] DEBUG: Usuário tem permissão.
[2025-10-22 22:34:00] [PALESTRA] DEBUG: ID da palestra recebido: 00146049-865a-493c-86b7-970f3f8e1bea
[2025-10-22 22:34:00] [PALESTRA] DEBUG: Palestra 'S08E09 — Como integrar a ModernMT a seu fluxo de trabalho — Val Ivonica' encontrada. Duração em minutos: 97
[2025-10-22 22:34:00] [PALESTRA] DEBUG: User ID da sessão ('19728efd-187b-4dfe-acff-5bdc37dd2551') é válido e existe na tabela 'users'.
[2025-10-22 22:34:00] [PALESTRA] INFO: Novo log de acesso registrado para palestra 'S08E09 — Como integrar a ModernMT a seu fluxo de trabalho — Val Ivonica' (User ID: 19728efd-187b-4dfe-acff-5bdc37dd2551).
[2025-10-22 22:34:00] [PALESTRA] DEBUG: Progresso inicial carregado do DB (user_progress_seconds): 0
[2025-10-22 22:34:00] [PALESTRA] DEBUG: Palestras relacionadas buscadas para categoria ''.
[2025-10-22 22:34:00] [PALESTRA] DEBUG: Verificação de certificado existente para exibição inicial. ID existente: Nenhum
[2025-10-22 22:34:00] [PALESTRA] DEBUG: Panda Player Div ID extraído do embed: 'panda-00146049-865a-493c-86b7-970f3f8e1bea'
[2025-10-22 23:56:39] [GENERATE_SIMPLE] Script generate_simple_certificate.php iniciado
[2025-10-22 23:56:39] [GENERATE_SIMPLE] Dados recebidos - Lecture: 00146049-865a-493c-86b7-970f3f8e1bea, User: 19728efd-187b-4dfe-acff-5bdc37dd2551, Watched: 4955s
[2025-10-22 23:56:39] [GENERATE_SIMPLE] Iniciando validações simplificadas
[2025-10-22 23:56:39] [GENERATE_SIMPLE] Progresso no DB: 4949s, Enviado pelo cliente: 4955s
[2025-10-22 23:56:39] [GENERATE_SIMPLE] Tempo final considerado: 4955s
[2025-10-22 23:56:39] [GENERATE_SIMPLE] Duração total: 5820s, Requerido (85%): 4947s
[2025-10-22 23:56:39] [GENERATE_SIMPLE] Todas as validações passaram - gerando certificado
[2025-10-22 23:56:39] [GENERATE_SIMPLE] SUCESSO: Certificado inserido no banco - ID: ca0bf753-a038-4ff8-8c6f-d5f42d8c0c6a
[2025-10-22 23:56:39] [GENERATE_SIMPLE] DEBUG: [GENERATE_SIMPLE] Iniciando geração de PNG para ID: ca0bf753-a038-4ff8-8c6f-d5f42d8c0c6a
[2025-10-22 23:56:39] [GENERATE_SIMPLE] DEBUG: [GENERATE_SIMPLE] Conversão UTF-8 aplicada para geração.
[2025-10-22 23:56:39] [GENERATE_SIMPLE] DEBUG: [GENERATE_SIMPLE] Dimensões do template: Largura=3509, Altura=2481
[2025-10-22 23:56:39] [GENERATE_SIMPLE] DEBUG: [GENERATE_SIMPLE] Procurando fontes TTF para geração...
[2025-10-22 23:56:39] [GENERATE_SIMPLE] DEBUG: [GENERATE_SIMPLE] Fonte TTF Bold encontrada em: /home/u335416710/domains/translators101.com/public_html/v/includes/../fonts/DejaVuSans-Bold.ttf
[2025-10-22 23:56:39] [GENERATE_SIMPLE] DEBUG: [GENERATE_SIMPLE] Fonte TTF padrão encontrada em: /home/u335416710/domains/translators101.com/public_html/v/includes/../fonts/DejaVuSans-Bold.ttf
[2025-10-22 23:56:39] [GENERATE_SIMPLE] DEBUG: [GENERATE_SIMPLE] Usando imagettftext para geração.
[2025-10-22 23:56:39] [GENERATE_SIMPLE] DEBUG: [GENERATE_SIMPLE] Nome do usuário adicionado (X: 1352, Y: 1100).
[2025-10-22 23:56:39] [GENERATE_SIMPLE] DEBUG: [GENERATE_SIMPLE] Processando título: 'S08E09 — Como integrar a ModernMT a seu fluxo de trabalho — Val Ivonica' (tamanho: 75 caracteres)
[2025-10-22 23:56:39] [GENERATE_SIMPLE] DEBUG: [GENERATE_SIMPLE] Título longo detectado - aplicando quebra de linha inteligente
[2025-10-22 23:56:39] [GENERATE_SIMPLE] DEBUG: [GENERATE_SIMPLE] Linha 1: 'S08E09 — Como integrar a ModernMT a seu fluxo de'
[2025-10-22 23:56:39] [GENERATE_SIMPLE] DEBUG: [GENERATE_SIMPLE] Linha 2: 'trabalho — Val Ivonica'
[2025-10-22 23:56:39] [GENERATE_SIMPLE] DEBUG: [GENERATE_SIMPLE] Linha 1 adicionada (X: 773, Y: 1350)
[2025-10-22 23:56:39] [GENERATE_SIMPLE] DEBUG: [GENERATE_SIMPLE] Linha 2 adicionada (X: 1336, Y: 1410)
[2025-10-22 23:56:39] [GENERATE_SIMPLE] DEBUG: [GENERATE_SIMPLE] Duração da palestra adicionada (X: 2000, Y: 1570).
[2025-10-22 23:56:39] [GENERATE_SIMPLE] DEBUG: [GENERATE_SIMPLE] Data de emissão adicionada (X: 850, Y: 2330).
[2025-10-22 23:56:39] [GENERATE_SIMPLE] DEBUG: [GENERATE_SIMPLE] ID do certificado adicionado (X: 280, Y: 2430).
[2025-10-22 23:56:39] [GENERATE_SIMPLE] DEBUG: URL de verificação gerada: https://v.translators101.com/verificar_certificado.php?id=ca0bf753-a038-4ff8-8c6f-d5f42d8c0c6a
[2025-10-22 23:56:40] [GENERATE_SIMPLE] DEBUG: QR Code colado na imagem base.
[2025-10-22 23:56:40] [GENERATE_SIMPLE] DEBUG: [GENERATE_SIMPLE] QR Code adicionado à imagem durante a geração (X: 2989, Y: 2131, Tamanho: 300).
[2025-10-22 23:56:44] [GENERATE_SIMPLE] DEBUG: [GENERATE_SIMPLE] imagepng() retornou SUCESSO. Verificando se o arquivo gerado é um PNG válido.
[2025-10-22 23:56:44] [GENERATE_SIMPLE] INFO: [GENERATE_SIMPLE] Certificado PNG gerado e salvo com sucesso em: /home/u335416710/domains/translators101.com/public_html/v/includes/../certificates/certificate_ca0bf753-a038-4ff8-8c6f-d5f42d8c0c6a.png. É um PNG válido.
[2025-10-22 23:56:44] [GENERATE_SIMPLE] SUCESSO: PNG gerado - /home/u335416710/domains/translators101.com/public_html/v/includes/../certificates/certificate_ca0bf753-a038-4ff8-8c6f-d5f42d8c0c6a.png
[2025-10-22 23:56:44] [GENERATE_SIMPLE] DEBUG: [GENERATE_SIMPLE] Iniciando geração de PDF T101 CORRIGIDO para ID: ca0bf753-a038-4ff8-8c6f-d5f42d8c0c6a
[2025-10-22 23:56:44] [GENERATE_SIMPLE] DEBUG: [GENERATE_SIMPLE] TCPDF encontrado em: /home/u335416710/domains/translators101.com/public_html/v/includes/../vendor/tecnickcom/tcpdf/tcpdf.php
[2025-10-22 23:56:46] [GENERATE_SIMPLE] DEBUG: [GENERATE_SIMPLE] Template T101 oficial aplicado como fundo
[2025-10-22 23:56:46] [GENERATE_SIMPLE] DEBUG: URL de verificação gerada: https://v.translators101.com/verificar_certificado.php?id=ca0bf753-a038-4ff8-8c6f-d5f42d8c0c6a
[2025-10-22 23:56:47] [GENERATE_SIMPLE] DEBUG: [GENERATE_SIMPLE] QR Code T101 adicionado ao PDF (posição corrigida)
[2025-10-22 23:56:47] [GENERATE_SIMPLE] SUCESSO: [GENERATE_SIMPLE] PDF T101 CORRIGIDO gerado em: /home/u335416710/domains/translators101.com/public_html/v/includes/../certificates/certificate_ca0bf753-a038-4ff8-8c6f-d5f42d8c0c6a.pdf
[2025-10-22 23:56:47] [GENERATE_SIMPLE] SUCESSO: PDF gerado - /home/u335416710/domains/translators101.com/public_html/v/includes/../certificates/certificate_ca0bf753-a038-4ff8-8c6f-d5f42d8c0c6a.pdf
[2025-10-22 23:56:47] [GENERATE_SIMPLE] SUCESSO: Certificado gerado - ID: ca0bf753-a038-4ff8-8c6f-d5f42d8c0c6a, PNG: SIM, PDF: SIM, Assistido: 4955s de 5820s (85.1%)
[2025-10-22 20:57:29] [DOWNLOAD] DEBUG: Script download_certificate_files.php iniciado.
[2025-10-22 20:57:29] [DOWNLOAD] DEBUG: ID do certificado recebido: ca0bf753-a038-4ff8-8c6f-d5f42d8c0c6a, formato solicitado: png
[2025-10-22 20:57:29] [DOWNLOAD] DEBUG: Dados do certificado encontrados no banco de dados.
[2025-10-22 20:57:29] [DOWNLOAD] DEBUG: Arquivo PNG encontrado: /home/u335416710/domains/translators101.com/public_html/v/certificates/certificate_ca0bf753-a038-4ff8-8c6f-d5f42d8c0c6a.png
[2025-10-22 20:57:29] [DOWNLOAD] DEBUG: Preparando download final: Certificado_Ligia_Fonseca_2025-10-22.png (Tipo: image/png) - Arquivo: /home/u335416710/domains/translators101.com/public_html/v/certificates/certificate_ca0bf753-a038-4ff8-8c6f-d5f42d8c0c6a.png
[2025-10-22 20:57:29] [DOWNLOAD] INFO: Arquivo Certificado_Ligia_Fonseca_2025-10-22.png enviado para download com sucesso.
[2025-10-23 11:58:39] [PALESTRA] DEBUG: Script palestra.php iniciado.
[2025-10-23 11:58:39] [PALESTRA] DEBUG: Usuário tem permissão.
[2025-10-23 11:58:39] [PALESTRA] DEBUG: ID da palestra recebido: 234d33e6-430b-47a8-b62a-a97399bcc284
[2025-10-23 11:58:39] [PALESTRA] DEBUG: Palestra 'S07E02 — ProZ KudoZ além dos Pontos: Perspectivas e Possibilidades — Matheus R. Chaud' encontrada. Duração em minutos: 50
[2025-10-23 11:58:39] [PALESTRA] DEBUG: User ID da sessão ('848ed1ac-9e27-11f0-916e-bad1eb27008a') é válido e existe na tabela 'users'.
[2025-10-23 11:58:39] [PALESTRA] DEBUG: Log existente encontrado. Progresso: 136s
[2025-10-23 11:58:39] [PALESTRA] DEBUG: Progresso inicial carregado do DB (user_progress_seconds): 136
[2025-10-23 11:58:39] [PALESTRA] DEBUG: Palestras relacionadas buscadas para categoria ''.
[2025-10-23 11:58:39] [PALESTRA] DEBUG: Verificação de certificado existente para exibição inicial. ID existente: Nenhum
[2025-10-23 11:58:39] [PALESTRA] DEBUG: Panda Player Div ID extraído do embed: 'panda-234d33e6-430b-47a8-b62a-a97399bcc284'
[2025-10-23 16:45:28] [PALESTRA] DEBUG: Script palestra.php iniciado.
[2025-10-23 16:45:28] [PALESTRA] DEBUG: Usuário tem permissão.
[2025-10-23 16:45:28] [PALESTRA] DEBUG: ID da palestra recebido: c0e71510-4af2-4f5d-bd30-55df67e73c8b
[2025-10-23 16:45:28] [PALESTRA] DEBUG: Palestra 'S02E05 — Desvendando o Proz — Fernanda Rocha' encontrada. Duração em minutos: 91
[2025-10-23 16:45:28] [PALESTRA] DEBUG: User ID da sessão ('848ed1ac-9e27-11f0-916e-bad1eb27008a') é válido e existe na tabela 'users'.
[2025-10-23 16:45:28] [PALESTRA] INFO: Novo log de acesso registrado para palestra 'S02E05 — Desvendando o Proz — Fernanda Rocha' (User ID: 848ed1ac-9e27-11f0-916e-bad1eb27008a).
[2025-10-23 16:45:28] [PALESTRA] DEBUG: Progresso inicial carregado do DB (user_progress_seconds): 0
[2025-10-23 16:45:28] [PALESTRA] DEBUG: Palestras relacionadas buscadas para categoria ''.
[2025-10-23 16:45:28] [PALESTRA] DEBUG: Verificação de certificado existente para exibição inicial. ID existente: Nenhum
[2025-10-23 16:45:28] [PALESTRA] DEBUG: Panda Player Div ID extraído do embed: 'panda-c0e71510-4af2-4f5d-bd30-55df67e73c8b'
[2025-10-23 16:46:16] [PALESTRA] DEBUG: Script palestra.php iniciado.
[2025-10-23 16:46:16] [PALESTRA] DEBUG: Usuário tem permissão.
[2025-10-23 16:46:16] [PALESTRA] DEBUG: ID da palestra recebido: 2c2550a8-e8bd-41b1-9c16-ec22fb6771ec
[2025-10-23 16:46:16] [PALESTRA] DEBUG: Palestra 'S06E47 — Prospecção de Clientes, Networking e Marketing Pessoal para Tradutores Introvertidos — Ivar Panazzolo Junior' encontrada. Duração em minutos: 123
[2025-10-23 16:46:16] [PALESTRA] DEBUG: User ID da sessão ('848ed1ac-9e27-11f0-916e-bad1eb27008a') é válido e existe na tabela 'users'.
[2025-10-23 16:46:16] [PALESTRA] INFO: Novo log de acesso registrado para palestra 'S06E47 — Prospecção de Clientes, Networking e Marketing Pessoal para Tradutores Introvertidos — Ivar Panazzolo Junior' (User ID: 848ed1ac-9e27-11f0-916e-bad1eb27008a).
[2025-10-23 16:46:16] [PALESTRA] DEBUG: Progresso inicial carregado do DB (user_progress_seconds): 0
[2025-10-23 16:46:16] [PALESTRA] DEBUG: Palestras relacionadas buscadas para categoria ''.
[2025-10-23 16:46:16] [PALESTRA] DEBUG: Verificação de certificado existente para exibição inicial. ID existente: Nenhum
[2025-10-23 16:46:16] [PALESTRA] DEBUG: Panda Player Div ID extraído do embed: 'panda-2c2550a8-e8bd-41b1-9c16-ec22fb6771ec'
[2025-10-23 20:10:08] [PALESTRA] DEBUG: Script palestra.php iniciado.
[2025-10-23 20:10:08] [PALESTRA] DEBUG: Usuário tem permissão.
[2025-10-23 20:10:08] [PALESTRA] DEBUG: ID da palestra recebido: 9744bfe0-ab7e-11f0-916e-bad1eb27008a
[2025-10-23 20:10:08] [PALESTRA] DEBUG: Palestra 'S08E33 — TDAH, autismo ou altas habilidades? Então, use seus superpoderes na tradução' encontrada. Duração em minutos: 92
[2025-10-23 20:10:08] [PALESTRA] DEBUG: User ID da sessão ('debug-user') é válido e existe na tabela 'users'.
[2025-10-23 20:10:08] [PALESTRA] INFO: Novo log de acesso registrado para palestra 'S08E33 — TDAH, autismo ou altas habilidades? Então, use seus superpoderes na tradução' (User ID: debug-user).
[2025-10-23 20:10:08] [PALESTRA] DEBUG: Progresso inicial carregado do DB (user_progress_seconds): 0
[2025-10-23 20:10:08] [PALESTRA] DEBUG: Palestras relacionadas buscadas para categoria 'Geral'.
[2025-10-23 20:10:08] [PALESTRA] DEBUG: Verificação de certificado existente para exibição inicial. ID existente: Nenhum
[2025-10-23 20:10:08] [PALESTRA] DEBUG: Panda Player Div ID extraído do embed: 'panda-9b6c3409-36bd-4314-a418-b2077b81cee5'
[2025-10-23 20:11:34] [PALESTRA] DEBUG: Script palestra.php iniciado.
[2025-10-23 20:11:34] [PALESTRA] DEBUG: Usuário tem permissão.
[2025-10-23 20:11:34] [PALESTRA] DEBUG: ID da palestra recebido: 1f024cc5-a1fd-11f0-916e-bad1eb27008a
[2025-10-23 20:11:34] [PALESTRA] DEBUG: Palestra 'S08E29 — Assinatura de e-mail com imagens e links clicáveis no Gmail' encontrada. Duração em minutos: 90
[2025-10-23 20:11:34] [PALESTRA] DEBUG: User ID da sessão ('6b2a49a5-77e1-4fc6-bbe8-0931944e5144') é válido e existe na tabela 'users'.
[2025-10-23 20:11:34] [PALESTRA] INFO: Novo log de acesso registrado para palestra 'S08E29 — Assinatura de e-mail com imagens e links clicáveis no Gmail' (User ID: 6b2a49a5-77e1-4fc6-bbe8-0931944e5144).
[2025-10-23 20:11:34] [PALESTRA] DEBUG: Progresso inicial carregado do DB (user_progress_seconds): 0
[2025-10-23 20:11:34] [PALESTRA] DEBUG: Palestras relacionadas buscadas para categoria 'Geral'.
[2025-10-23 20:11:34] [PALESTRA] DEBUG: Verificação de certificado existente para exibição inicial. ID existente: Nenhum
[2025-10-23 20:11:34] [PALESTRA] DEBUG: Panda Player Div ID extraído do embed: 'panda-6c04c40c-eb12-4074-97b8-d649dbc3c5f5'
[2025-10-23 20:11:35] [PALESTRA] DEBUG: Script palestra.php iniciado.
[2025-10-23 20:11:35] [PALESTRA] DEBUG: Usuário tem permissão.
[2025-10-23 20:11:35] [PALESTRA] DEBUG: ID da palestra recebido: 1f024cc5-a1fd-11f0-916e-bad1eb27008a
[2025-10-23 20:11:35] [PALESTRA] DEBUG: Palestra 'S08E29 — Assinatura de e-mail com imagens e links clicáveis no Gmail' encontrada. Duração em minutos: 90
[2025-10-23 20:11:35] [PALESTRA] DEBUG: User ID da sessão ('6b2a49a5-77e1-4fc6-bbe8-0931944e5144') é válido e existe na tabela 'users'.
[2025-10-23 20:11:35] [PALESTRA] DEBUG: Log existente encontrado. Progresso: 0s
[2025-10-23 20:11:35] [PALESTRA] DEBUG: Progresso inicial carregado do DB (user_progress_seconds): 0
[2025-10-23 20:11:35] [PALESTRA] DEBUG: Palestras relacionadas buscadas para categoria 'Geral'.
[2025-10-23 20:11:35] [PALESTRA] DEBUG: Verificação de certificado existente para exibição inicial. ID existente: Nenhum
[2025-10-23 20:11:35] [PALESTRA] DEBUG: Panda Player Div ID extraído do embed: 'panda-6c04c40c-eb12-4074-97b8-d649dbc3c5f5'
[2025-10-23 20:12:33] [PALESTRA] DEBUG: Script palestra.php iniciado.
[2025-10-23 20:12:33] [PALESTRA] DEBUG: Usuário tem permissão.
[2025-10-23 20:12:33] [PALESTRA] DEBUG: ID da palestra recebido: 2a470f95-6c0e-486e-9ef5-2ccbb002d252
[2025-10-23 20:12:33] [PALESTRA] DEBUG: Palestra 'S08E13 — Regulamentação da Inteligência Artificial no Brasil, nos Estados Unidos e na Europa — Dinaura Julles' encontrada. Duração em minutos: 73
[2025-10-23 20:12:33] [PALESTRA] DEBUG: User ID da sessão ('6b2a49a5-77e1-4fc6-bbe8-0931944e5144') é válido e existe na tabela 'users'.
[2025-10-23 20:12:33] [PALESTRA] INFO: Novo log de acesso registrado para palestra 'S08E13 — Regulamentação da Inteligência Artificial no Brasil, nos Estados Unidos e na Europa — Dinaura Julles' (User ID: 6b2a49a5-77e1-4fc6-bbe8-0931944e5144).
[2025-10-23 20:12:33] [PALESTRA] DEBUG: Progresso inicial carregado do DB (user_progress_seconds): 0
[2025-10-23 20:12:33] [PALESTRA] DEBUG: Palestras relacionadas buscadas para categoria ''.
[2025-10-23 20:12:33] [PALESTRA] DEBUG: Verificação de certificado existente para exibição inicial. ID existente: Nenhum
[2025-10-23 20:12:33] [PALESTRA] DEBUG: Panda Player Div ID extraído do embed: 'panda-2a470f95-6c0e-486e-9ef5-2ccbb002d252'
[2025-10-23 20:12:34] [PALESTRA] DEBUG: Script palestra.php iniciado.
[2025-10-23 20:12:34] [PALESTRA] DEBUG: Usuário tem permissão.
[2025-10-23 20:12:34] [PALESTRA] DEBUG: ID da palestra recebido: 2a470f95-6c0e-486e-9ef5-2ccbb002d252
[2025-10-23 20:12:34] [PALESTRA] DEBUG: Palestra 'S08E13 — Regulamentação da Inteligência Artificial no Brasil, nos Estados Unidos e na Europa — Dinaura Julles' encontrada. Duração em minutos: 73
[2025-10-23 20:12:34] [PALESTRA] DEBUG: User ID da sessão ('6b2a49a5-77e1-4fc6-bbe8-0931944e5144') é válido e existe na tabela 'users'.
[2025-10-23 20:12:34] [PALESTRA] DEBUG: Log existente encontrado. Progresso: 0s
[2025-10-23 20:12:34] [PALESTRA] DEBUG: Progresso inicial carregado do DB (user_progress_seconds): 0
[2025-10-23 20:12:34] [PALESTRA] DEBUG: Palestras relacionadas buscadas para categoria ''.
[2025-10-23 20:12:34] [PALESTRA] DEBUG: Verificação de certificado existente para exibição inicial. ID existente: Nenhum
[2025-10-23 20:12:34] [PALESTRA] DEBUG: Panda Player Div ID extraído do embed: 'panda-2a470f95-6c0e-486e-9ef5-2ccbb002d252'
[2025-10-23 20:12:56] [PALESTRA] DEBUG: Script palestra.php iniciado.
[2025-10-23 20:12:56] [PALESTRA] DEBUG: Usuário tem permissão.
[2025-10-23 20:12:56] [PALESTRA] DEBUG: ID da palestra recebido: 7c8e7bf0-efd6-4f46-8623-41e0a2d8c48d
[2025-10-23 20:12:56] [PALESTRA] DEBUG: Palestra 'S08E08 — Espelho, espelho na parede? Nem sempre é traduzindo que se traduz — Luiza Levy e Renato R. Geraldes' encontrada. Duração em minutos: 62
[2025-10-23 20:12:56] [PALESTRA] DEBUG: User ID da sessão ('6b2a49a5-77e1-4fc6-bbe8-0931944e5144') é válido e existe na tabela 'users'.
[2025-10-23 20:12:56] [PALESTRA] INFO: Novo log de acesso registrado para palestra 'S08E08 — Espelho, espelho na parede? Nem sempre é traduzindo que se traduz — Luiza Levy e Renato R. Geraldes' (User ID: 6b2a49a5-77e1-4fc6-bbe8-0931944e5144).
[2025-10-23 20:12:56] [PALESTRA] DEBUG: Progresso inicial carregado do DB (user_progress_seconds): 0
[2025-10-23 20:12:56] [PALESTRA] DEBUG: Palestras relacionadas buscadas para categoria ''.
[2025-10-23 20:12:56] [PALESTRA] DEBUG: Verificação de certificado existente para exibição inicial. ID existente: Nenhum
[2025-10-23 20:12:56] [PALESTRA] DEBUG: Panda Player Div ID extraído do embed: 'panda-7c8e7bf0-efd6-4f46-8623-41e0a2d8c48d'
[2025-10-23 20:12:57] [PALESTRA] DEBUG: Script palestra.php iniciado.
[2025-10-23 20:12:57] [PALESTRA] DEBUG: Usuário tem permissão.
[2025-10-23 20:12:57] [PALESTRA] DEBUG: ID da palestra recebido: 7c8e7bf0-efd6-4f46-8623-41e0a2d8c48d
[2025-10-23 20:12:57] [PALESTRA] DEBUG: Palestra 'S08E08 — Espelho, espelho na parede? Nem sempre é traduzindo que se traduz — Luiza Levy e Renato R. Geraldes' encontrada. Duração em minutos: 62
[2025-10-23 20:12:57] [PALESTRA] DEBUG: User ID da sessão ('6b2a49a5-77e1-4fc6-bbe8-0931944e5144') é válido e existe na tabela 'users'.
[2025-10-23 20:12:57] [PALESTRA] DEBUG: Log existente encontrado. Progresso: 0s
[2025-10-23 20:12:57] [PALESTRA] DEBUG: Progresso inicial carregado do DB (user_progress_seconds): 0
[2025-10-23 20:12:57] [PALESTRA] DEBUG: Palestras relacionadas buscadas para categoria ''.
[2025-10-23 20:12:57] [PALESTRA] DEBUG: Verificação de certificado existente para exibição inicial. ID existente: Nenhum
[2025-10-23 20:12:57] [PALESTRA] DEBUG: Panda Player Div ID extraído do embed: 'panda-7c8e7bf0-efd6-4f46-8623-41e0a2d8c48d'
[2025-10-23 22:49:56] [PALESTRA] DEBUG: Script palestra.php iniciado.
[2025-10-23 22:49:56] [PALESTRA] DEBUG: Usuário tem permissão.
[2025-10-23 22:49:56] [PALESTRA] DEBUG: ID da palestra recebido: 2c2550a8-e8bd-41b1-9c16-ec22fb6771ec
[2025-10-23 22:49:56] [PALESTRA] DEBUG: Palestra 'S06E47 — Prospecção de Clientes, Networking e Marketing Pessoal para Tradutores Introvertidos — Ivar Panazzolo Junior' encontrada. Duração em minutos: 123
[2025-10-23 22:49:56] [PALESTRA] DEBUG: User ID da sessão ('848ed1ac-9e27-11f0-916e-bad1eb27008a') é válido e existe na tabela 'users'.
[2025-10-23 22:49:56] [PALESTRA] DEBUG: Log existente encontrado. Progresso: 18731s
[2025-10-23 22:49:56] [PALESTRA] DEBUG: Progresso inicial carregado do DB (user_progress_seconds): 18731
[2025-10-23 22:49:56] [PALESTRA] DEBUG: Palestras relacionadas buscadas para categoria ''.
[2025-10-23 22:49:56] [PALESTRA] DEBUG: Verificação de certificado existente para exibição inicial. ID existente: Nenhum
[2025-10-23 22:49:56] [PALESTRA] DEBUG: Panda Player Div ID extraído do embed: 'panda-2c2550a8-e8bd-41b1-9c16-ec22fb6771ec'
